CodeId	Abbreviation
1001	pt-acth-r1
1002	pt-acth-r2
1003	pt-acth-r3
1004	s-crh
1005	ts-crh
1006	-actina
1007	-activi
1008	-activr
1009	e-atp
1010	e-atpase
1011	f-adenag
1013	e-ak
1014	li-ak
1015	s-ak
1016	du-adr
1017	p-adr
1019	du-adrnor
1020	p-acth
1021	s-acth-ab
1022	af-alat
1023	li-alat
1024	p-alat
1025	pf-alat
1026	s-alat
1027	li-alb
1028	s-alb
1029	u-alb
1030	u-alb-o
1031	e-aldol
1032	s-aldol
1033	du-aldos
1034	s-aldos
1035	pt-aldos-r
1036	s-aldos-m
1037	s-aldos-p
1038	s-antitry
1039	am-afp
1040	s-afp
1041	s-a1glypr
1042	s-a2makro
1043	s-aendorf
1044	fs-alipopr
1045	li-afos
1046	s-afos
1047	s-afosinh
1048	s-afos-is
1049	s-afos-hs
1050	bm-afos-vr
1051	l-afos-vr
1053	s-amebab
1054	f-amebna
1055	u-amfet-o
1056	af-aminoh
1057	am-aminoh
1058	du-aminoh
1059	li-aminoh
1060	f-aminoh
1061	p-aminoh
1062	u-aminoh
1063	u-aminh-o
1068	s-amitrip
1069	pt-nh4cl-r
1070	fb-nh4-ion
1071	fp-nh4-ion
1072	u-nh4-ion
1073	af-amyl
1074	as-amyl
1075	du-amyl
1076	f-amyl
1077	pa-amyl
1078	s-amyl
1079	se-amyl
1080	u-amyl
1081	pt-amyl-cl
1082	pt-amyl-2h
1083	s-amyl-is
1084	u-amyl-is
1085	s-adioni
1086	du-andro
1087	s-andro
1088	s-angio1m
1089	s-angio1p
1090	s-angio2m
1091	s-angio2p
1092	fs-ace
1093	-micae
1094	p-adh
1095	s-adhab
1097	p-fviii
1098	p-fviiiab
1100	s-asta
1101	s-ast
1102	s-astabs
1103	p-at3
1104	u-antran
1105	p-argvaso
1106	pt-arg-r
1107	u-aromhi
1108	ha-as
1109	u-as
1110	du-aryls-a
1111	l-aryls-a
1112	du-aryls-b
1113	fs-a-vit
1114	fp-a-vit
1115	pt-a-vit-r
1116	s-aset
1117	s-aset-o
1118	u-aset-o
1119	s-asetoni
1120	u-asetoni
1121	s-keto-o
1122	u-keto-o
1123	e-aches
1124	af-asat
1125	e-asat
1126	li-asat
1127	pf-asat
1128	s-asat
1129	s-asat-is
1130	s-aspeab
1131	ex-astmak
1133	s-avlos
1134	b-b12-vit
1135	e-b12-vit
1136	li-b12-vit
1137	s-b12-vit
1138	u-b12-vit
1142	s-b12-tc2
1143	li-baktag
1144	s-baktag
1145	u-baktag
1146	-baktft
1147	-bakthe
1149	-baktlm
1150	li-baktna
1151	u-baktna
1152	-baktty
1153	b-baktvi
1154	li-baktvi
1155	u-baktvi
1156	-baktvi
1157	li-baktvr
1158	u-baktvr
1159	-baktvr
1161	s-barb
1162	u-barb
1163	s-barb-fr
1164	u-barb-fr
1165	s-barb-o
1166	u-barb-o
1168	l-baso
1169	s-b1glypr
1170	li-b2miglo
1171	s-b2miglo
1172	u-b2miglo
1173	s-bendorf
1174	fs-ohbutyr
1175	fs-blipopr
1176	s-blph
1177	s-bendi
1178	u-bendi-o
1179	dj-hco3
1180	gj-hco3
1181	pa-hco3
1182	af-bil
1183	am-bil
1184	li-bil
1185	s-bil
1186	f-bil-o
1187	u-bil-o
1188	am-bil-kj
1189	s-bil-kj
1190	li-blastit
1191	pt-bodypl
1195	pt-bodypld
1196	pt-bodyplp
1199	p-bradyk
1200	s-br
1201	u-br
1202	u-br-o
1203	pt-bsp-re
1204	pt-bsp-r
1205	s-brucab
1208	s-c1qb-ic
1209	s-c1inh
1210	s-fakb
1211	p-fix
1212	s-cocciab
1213	e-coombp
1214	e-coombm
1216	s-crp
1217	s-crp-o
1218	fp-c-vit
1219	du-c-vit
1220	s-d-25
1221	du-dhea
1222	s-dhea
1225	pt-dxm-r1
1226	pt-dxm-r2
1228	du-dala
1229	e-dala
1230	u-dala
1231	e-dalas
1232	e-daladt
1233	fs-dokol
1234	s-dokors
1235	s-11dok
1236	s-21dok
1237	pt-defer
1238	e-diafor
1239	s-dao
1240	s-diatsep
1241	u-difenh
1242	li-fenyt
1243	s-fenyt
1244	sa-fenyt
1245	u-fenyt
1246	pt-dcosb1
1247	pt-dcosb2
1248	pt-dcoss
1250	pt-dcorb
1251	e-dpg
1252	e-dpgm
1253	s-codiab
1254	-codivi
1255	s-digitok
1256	s-digoks
1257	s-dhtesto
1258	s-disop
1259	s-dnadab
1261	s-dnanab
1263	u-doksep
1264	du-dopam
1265	s-doplaas
1267	s-eaca-ab
1270	pt-ekg-12
1271	pt-ekg-15
1272	pt-ekg-atk
1274	pt-ekg-his
1276	pt-ekg-muu
1277	pt-ekg-eso
1279	pt-ekg-24h
1282	pt-ekg-sik
1283	pt-ekg-ik
1284	pt-ekg-te
1285	s-echiab
1286	-echi-o
1287	pt-eeg-tav
1288	pt-eeg-et
1295	pt-eeg-pa1
1298	pt-eeg-ud
1299	pt-mslt
1301	pt-enmg-1
1302	pt-enmg-2
1303	pt-enmg-et
1306	pt-eneg-1
1310	pt-enmg-my
1312	pt-erg
1314	b-hg
1315	ha-hg
1316	u-hg
1317	e-enol
1318	s-eglkg
1319	f-eiec
1320	f-epec
1325	f-etec
1329	ns-eos
1330	b-eos
1331	ex-eos
1332	l-eos
1335	s-ebvab
1336	s-ebvabg
1337	s-ebvabm
1338	li-eryfaag
1339	s-epo
1340	as-eryt
1341	b-eryt
1342	li-eryt
1343	pf-eryt
1344	u-eryt
1345	u-eryt-o
1347	e-acidham
1349	e-cdw
1350	e-mcd
1352	e-mekres
1353	e-osmres
1354	e-osmrink
1355	e-mct
1357	e-mcv
1358	b-hkr
1359	bm-este-vr
1360	l-este-vr
1361	bm-estf-vr
1362	l-estf-vr
1363	bm-anae-vr
1364	l-anae-vr
1365	du-e2
1366	s-e2
1367	du-e3
1368	s-e3
1369	du-e3-16g
1370	cu-e3-12h
1371	s-e3-v
1372	du-estr
1373	du-estr-fr
1374	du-e1
1375	s-e1
1376	du-e1-16g
1377	u-e1-16g
1378	b-etoh
1379	g-etoh-o
1380	p-fimo-o
1381	du-etiokol
1382	s-etiokol
1383	s-etosux
1384	s-etgly
1385	b-etgly-o
1386	gj-etgly-o
1387	s-fenob
1388	du-fenol
1389	u-fenol-o
1390	u-psp
1393	u-fenot-o
1394	u-fenpy-o
1395	s-ferrit
1396	gj-fsa
1397	p-fxiii-o
1399	p-fibr
1400	p-fibr-o
1401	s-fdp
1402	u-fdp
1403	s-fdp-o
1404	u-fdp-o
1405	p-filysa
1406	p-filysae
1407	li-fibrone
1408	s-fibrone
1409	b-filar-o
1411	s-f
1412	u-f
1413	fb-folaat
1414	fe-folaat
1415	fp-folaat
1416	fs-folaat
1417	li-folaat
1418	u-folaat
1419	s-fsh-rh
1420	ts-fsh-rh
1421	du-fsh
1422	s-fsh
1423	pt-fkg-1
1424	pt-fkg-2
1425	pt-fkg-ik
1426	du-figlu
1428	am-pgly
1429	du-pi
1430	df-pi
1431	fp-pi
1432	fs-pi
1433	u-pi
1435	e-pfk
1436	e-pgd
1437	e-pgk
1438	e-pgm
1439	e-gpi
1440	fs-foslip
1441	sp-frukt
1442	pt-frukt-r
1443	e-galput
1444	b-gal
1445	s-gal
1447	pt-gal-r3
1448	fs-gastr
1449	p-gip
1450	s-gen
1452	-giarna
1453	f-giarvr
1454	s-agaab
1455	s-aga-o
1456	s-gbmab
1457	pt-glkg-r1
1458	fs-glkg
1459	af-gluk
1460	am-gluk
1461	as-gluk
1462	b-gluk
1463	cu-gluk
1464	di-gluk
1465	du-gluk
1466	f-gluk
1467	fb-gluk
1468	fp-gluk
1469	fs-gluk
1470	li-gluk
1471	p-gluk
1472	pf-gluk
1473	s-gluk
1474	sy-gluk
1475	u-gluk
1478	f-gluk-o
1479	u-gluk-o
1480	b-g6pd
1481	e-g6pd
1482	li-g6pd
1483	pt-gluk-r1
1484	pt-gluk-r2
1485	pt-gluk-r3
1487	b-gluk24h
1488	s-gd
1489	s-gt
1490	e-gsh
1491	e-gsh-st
1492	e-gshr
1494	e-glykog
1495	fs-glykkol
1496	du-gag
1497	u-gag
1498	u-gag-o
1499	s-gag-ab
1500	s-glysero
1501	du-gly
1502	fp-gly
1503	u-gly
1504	u-gly-o
1505	s-gcab
1506	-gcvi
1507	-gcvr
1508	s-gda
1509	p-fxii
1510	p-pp
1511	pt-haima-1
1512	pt-haima-2
1514	s-hfos
1515	sp-hfos
1516	sy-hfos
1517	s-hfos-is
1518	bm-pfos
1519	s-pfos
1520	sp-pfos
1521	s-hfos-ti
1522	l-hfot-vr
1523	bm-hfos-vr
1524	l-hfos-vr
1525	gj-hapot
1526	u-hapot
1527	ab-ph
1528	cb-ph
1529	gj-ph
1530	u-ph
1531	vb-ph
1532	zb-ph
1533	ab-hbo2sat
1534	cb-hbo2sat
1535	ab-po2
1536	cb-po2
1537	vb-po2
1538	zb-po2
1539	ab-o2-sis
1540	cb-o2-sis
1541	ab-he-tase
1542	cb-he-tase
1543	vb-he-tase
1544	zb-he-tase
1545	s-haptog
1546	e-heinz
1547	e-hk
1549	e-hemis
1551	af-hb
1552	b-hb
1553	li-hb
1554	p-hb
1555	u-hb
1556	u-hb-o
1557	e-mchc
1558	e-mch
1559	b-hb-a1
1560	b-hb-a1c
1561	b-hb-a2
1562	b-hb-f
1563	b-hb-f-vr
1564	b-hb-fr
1565	b-hbo2dis
1566	b-hb-co
1567	pt-hb
1568	b-hb-hs
1570	s-hpx
1571	s-hpx-o
1572	u-hemsi-o
1573	pt-hs-co2
1576	pt-po2-ex
1577	pt-pco2-ex
1578	pt-pn2-ex
1579	pt-po2-alv
1581	pt-po2-a-a
1582	pt-valv
1584	pt-vo2
1586	pt-vco2
1588	pt-hekaasv
1590	pt-vdfys
1592	pt-shuntrl
1593	pt-mv
1595	pt-pav
1596	pt-tv
1598	pt-tav
1599	pt-hepar-r
1601	s-havabg
1602	s-havabm
1604	s-hbeag
1605	s-hbsag
1606	s-hbcab
1607	s-hbeab
1608	s-hbsab
1609	pt-baep
1611	pt-baep-et
1612	pt-sep
1613	pt-vep-k
1614	-hsvag
1615	s-hsvab
1616	-hsvvi
1618	di-co2
1619	dj-co2
1620	p-co2
1621	ab-pco2
1622	cb-pco2
1623	vb-pco2
1624	zb-pco2
1625	g-co
1626	s-candag
1627	s-candab
1628	-candvi
1629	u-hippur
1630	pt-histi-r
1631	s-homeab
1632	du-homog
1633	u-homog-o
1634	du-hva
1635	du-ag
1636	s-ag
1637	du-5hiaa
1638	u-5hiaa-o
1639	s-hbd
1640	s-ohkloro
1641	du-17ohcs
1642	s-17ohcs
1643	du-17hprog
1644	s-17hprog
1645	du-hop
1646	s-hop
1647	du-hop-v
1648	p-5-ht
1649	-hygvi
1650	b-hyytai
1657	s-ihotab
1658	s-ihovab
1660	s-imipr
1661	u-imipr-o
1662	b-imblast
1663	li-imblast
1664	du-iga
1665	li-iga
1666	s-iga
1667	u-iga
1668	du-igd
1669	li-igd
1670	s-igd
1671	u-igd
1672	li-ige
1673	s-ige
1674	du-igg
1675	li-igg
1676	s-igg
1677	u-igg
1678	du-iggfc
1679	u-iggfc
1680	u-iggfc-o
1681	du-iglc
1682	s-iglc
1683	u-iglc
1686	du-igm
1687	li-igm
1688	s-igm
1689	u-igm
1690	pt-ikg
1694	du-indik
1695	u-indik
1696	pt-icg-r
1700	fp-insu
1701	s-insu
1702	s-insu-ab
1703	pt-insu-r
1704	gj-if
1705	s-ifbi-ab
1706	s-ifbl-ab
1707	e-inulhem
1708	pt-inul-cl
1710	ts-isomalt
1711	s-icd
1712	s-b2gpaba
1713	s-b2gpabg
1714	s-b2gpabm
1715	-cmvnh
1716	s-dengabm
1717	s-echoab
1718	f-elast1
1719	s-elast1
1720	-hbvnh
1721	s-hcvnh
1722	s-ige-pse
1723	-gcnho
1724	s-ldloabg
1725	b-pnhfc
1726	s-apfab
1727	s-fiiabg
1728	s-rubeavi
1729	fl-strbvi
1730	-toxonho
1731	p-tt
1732	pt-aktig
1733	u-anilin
1734	u-as-i
1735	u-be
1736	u-baa
1737	s-chtrab
1738	-ctgcnho
1739	ts-dnalink
1740	ts-dystr-d
1741	u-eaa
1742	u-2-epa
1743	u-etu
1744	u-2-eha
1745	ts-ews-mr
1746	u-cpa
1747	u-pba
1748	ts-vgh-d
1749	-hcvabct
1750	pt-mwt
1751	s-homeabg
1752	-hhv6nho
1753	s-hivavi
1754	-hivabct
1755	u-mbc
1756	fp-cl-or
1757	ts-chm-d
1758	ts-cftr-d
1759	b-ldlre
1760	s-mn
1761	u-mapga
1762	u-2-mbt
1763	u-maa
1764	u-2-mpa
1765	u-moca
1766	u-mda
1767	u-mek
1768	u-mmf
1769	u-mukon
1770	b-ni
1771	u-oksal
1772	s-paroabg
1773	s-pct
1774	u-progly
1775	s-puumab
1776	u-pyr
1777	u-zn
1778	u-tiosyan
1779	u-triats
1780	u-tea
1781	-vzvnho
1782	u-verben
1783	b-ykrom-d
1784	pt-polamb
1785	pt-polamb1
1786	s-alligg4
1787	u-baktevi
1788	-vrevi
1793	ts-mitoent
1806	s-vzvabm
1808	-acantvi
1809	s-actiab
1810	u-amfetct
1811	am-kel-d
1812	am-rhce-d
1813	s-anisab
1814	p-antipla
1815	am-rhd-d
1816	s-aspeag
1817	f-astrnho
1818	u-barbict
1819	s-bartab
1820	u-bendict
1821	b-borrvr
1822	u-buprect
1823	f-calinho
1824	li-chpnabg
1825	li-chpnabm
1826	-codinho
1827	li-cob5ab
1828	-crneag
1829	li-cystab
1830	s-cystab
1831	s-cmvavi
1832	u-dxproct
1833	u-dxpro-o
1834	li-dengabg
1835	li-dengabm
1836	li-dengab
1837	-dtd-d
1839	li-evirabg
1840	ex-ecp
1841	li-ebvavi
1842	li-ebvabg
1843	li-ebvabm
1844	li-ebvab
1845	f-ehectox
1846	s-fascab
1847	u-fensy-o
1848	u-fensyct
1849	p-fibrag
1850	s-filaab
1851	s-fluvoks
1852	-giarvr
1853	t-gpabg
1854	b-gragty
1855	b-grag-d
1856	gr-grab-o
1857	s-grabty
1858	b-hemok-d
1859	s-hcvnhty
1860	-hsvnho
1861	li-hsv1abg
1862	s-hsv1abg
1863	li-hsv2abg
1864	s-hsv2abg
1865	s-histpab
1866	b-hladrbd
1867	p-hcyst
1868	s-hcyst
1869	li-hhv6nho
1870	li-hhv6ab
1871	s-hhv8abg
1872	u-huuml-o
1873	b-naig
1874	li-infbabg
1875	s-inkoabm
1876	li-inkoab
1877	li-jpeab
1878	s-jpeabm
1879	s-klindam
1880	u-cannact
1881	u-kemseul
1882	s-cldia
1883	-cld-d
1884	u-kokact
1885	s-ttgaba
1886	s-ttgabg
1887	s-kysc
1888	s-lepnag
1889	li-listab
1890	-matolm
1891	u-metad-o
1892	u-metadct
1893	-micrsvr
1894	s-midats
1895	s-mirtats
1896	s-moklob
1897	li-mypnabg
1898	-nphl-d
1899	s-nocaab
1900	s-olants
1901	u-opiaa-o
1902	u-opiaact
1903	s-pcomyab
1904	-pin1ag
1905	li-pin1abg
1906	s-pin1abg
1907	-pin2ag
1908	-pin3ag
1909	li-pin3abg
1910	s-pin3ab
1911	ts-para-o
1912	sk-para-o
1913	s-paroks
1914	s-paroabm
1915	li-paroab
1916	s-parvavi
1917	-piconho
1918	-epmp-d
1919	-epml-d
1920	b-fii-d
1921	li-puumabg
1922	li-puumabm
1923	s-puumabg
1924	li-puumavi
1925	li-tbeabm
1926	li-tbeab
1927	s-pdhab
1928	p-rptaika
1929	li-rsvabg
1930	s-risper
1931	li-rotaabg
1932	s-rotaabg
1933	li-rubeabg
1934	li-rubeab
1935	li-rubeavi
1936	u-schi-o
1937	s-sertral
1938	b-sienvi
1939	s-sindabg
1940	u-solut
1941	u-diffi
1942	s-sporoab
1943	s-stroab
1944	s-teicopl
1945	s-tocaab
1946	li-toxoabg
1947	li-toxoabm
1948	li-toxoab
1949	s-tfr
1950	s-tfrind
1951	-triche
1952	-trsp-o
1953	li-ftaabs
1954	s-trbrab
1955	s-trcrab
1956	u-tsopi-o
1957	li-vzvabg
1958	s-venlaf
1959	p-vwf2n
1960	-xlrs-d
1984	u-i
1988	b-cd
1989	u-cd
1991	af-k
1992	as-k
1993	di-k
1994	du-k
1995	e-k
1996	f-k
1997	gj-k
1998	li-k
1999	p-k
2000	pd-k
2001	s-k
2002	sa-k
2003	sw-k
2004	u-k
2005	pt-k-vaih
2006	du-ct
2007	fp-ct
2008	fs-ct
2009	s-ctab
2010	pt-trca
2011	du-ca
2012	f-ca
2013	s-ca
2014	li-ca
2015	sa-ca
2016	u-ca
2019	s-ca-ion
2020	du-ca-ion
2021	f-campvi
2023	pt-a-etco2
2024	pt-kapnogr
2026	li-karba
2027	s-karba
2028	pt-eso-pai
2029	pt-eso-ph
2030	pt-kar-ref
2031	s-kardab
2032	u-karni-o
2033	fs-karot
2034	s-cea
2035	fs-gh
2036	s-ghrh
2037	ts-ghrh
2038	s-gh-24h
2039	f-katal-o
2040	fs-kendkol
2041	s-kerulo
2042	pt-keve-vl
2043	pt-kevekod
2050	pt-keuva
2051	pt-pmaxex
2052	pt-pmaxin
2053	f-enve-o
2054	s-kinid
2055	sy-kide-o
2056	bi-kivi
2057	gi-kivi
2058	u-kivi
2059	-chtrvi
2060	s-chlaab
2061	pt-klr-et
2062	pt-klr-muu
2063	pt-klr-pje
2064	pt-klr-pjj
2065	pt-klr-spi
2068	pt-klr-tje
2069	pt-klr-tjj
2070	pt-klr-vap
2072	gj-hcl
2073	af-cl
2074	as-cl
2075	gj-cl
2076	di-cl
2077	du-cl
2078	f-cl
2079	li-cl
2080	p-cl
2081	pd-cl
2082	s-cl
2083	sa-cl
2084	sw-cl
2085	sy-cl
2086	u-cl
2087	s-kloro
2089	b-koagel
2090	fs-kolaat
2092	s-cck
2093	pt-cck-r
2094	f-vichvi
2095	fs-kol
2096	fs-kol-es
2097	fs-kol-hdl
2098	fs-kol-kyl
2099	fs-kol-ldl
2100	fs-kolvldl
2101	s-che
2102	s-che-o
2103	s-cop
2104	u-cop
2106	s-c3
2107	s-c4
2108	pt-keukomp
2110	pt-hengty�
2113	s-kgcbic
2114	t-konprot
2115	f-kporf
2116	du-kporf
2117	b-kporf
2119	bm-kporfox
2120	e-kporfox
2121	du-hcg
2122	s-hcg
2123	u-hcg
2124	u-hcg-o
2125	du-hcg-b
2126	s-hcg-b
2128	p-korsol
2129	s-korsol
2130	du-kors-v
2131	du-krtiin
2132	s-krtiin
2133	u-krtiin
2134	s-ck
2135	s-ck-mb
2136	li-ck-is
2137	s-ck-is
2138	am-krea
2139	as-krea
2140	di-krea
2141	du-krea
2142	fp-krea
2143	fs-krea
2144	pd-krea
2145	u-krea
2146	pt-krea-cl
2147	b-cr
2148	s-cr
2149	u-cr
2150	am-kromos
2151	b-kromos
2152	bm-kromos
2153	l-kromos
2154	sk-kromos
2155	p-kryofib
2156	p-kryog-o
2157	s-kryog-o
2158	p-kryopre
2159	s-kryopre
2160	s-crneab
2161	pt-k-vit-r
2162	li-ksant-o
2163	u-ksan
2164	u-ksan-o
2165	pt-ksyl-r
2166	ly-hla
2167	s-au
2168	u-au
2169	du-cu
2170	s-cu
2171	u-cu
2173	s-kyhemag
2174	e-kyhemol
2175	fs-kylom-o
2176	dj-kymotry
2177	f-kymotry
2178	pa-kymotry
2180	-toukna
2182	ts-laktaas
2183	b-laktaat
2184	fp-laktaat
2186	li-laktaat
2187	s-ld-is
2188	s-ld-hs
2190	af-ld
2191	e-ld
2192	li-ld
2193	pf-ld
2194	s-ld
2195	u-ld
2196	s-hpl
2197	pt-lakt-r1
2198	s-langab
2199	s-lanost
2200	pt-laskple
2201	pt-laskvir
2202	pt-lvp-ver
2203	b-la
2205	s-legiab
2206	-legivi
2207	s-maitab
2209	-leis-o
2210	-leisvi
2211	s-leptab
2213	am-lesit
2214	am-l/s-suh
2215	af-leuk
2216	as-leuk
2217	ex-leuk
2218	b-leuk
2219	li-leuk
2220	pf-leuk
2221	u-leuk
2223	u-leuk-o
2224	af-diffi
2225	b-diffi
2226	dj-diffi
2227	gj-diffi
2228	li-diffi
2229	l-fagosyt
2230	s-grab
2231	s-leuenke
2232	s-lap
2233	u-lap
2234	pt-leu-r
2236	s-lidokai
2238	m-lihas
2239	pt-lihgrip
2240	pt-lihveki
2241	du-lipaas
2242	fs-lipaas
2243	pa-lipaas
2244	u-lipaas
2245	fs-lipidit
2246	li-lipofag
2247	fs-lipoa1
2248	fs-lipob
2249	fs-lipokyl
2250	fs-lipopb
2251	fs-lipox
2252	fs-lipo-fr
2253	sy-lipo
2254	fs-lipo-us
2255	fp-lpl
2256	s-listab
2257	-listvi
2258	s-adrab
2259	li-li
2260	s-li
2261	u-li
2262	fs-litokol
2263	pt-lrh-r
2264	du-lh
2265	s-lh
2266	u-lh
2267	s-lhrh
2269	bm-mggfe
2271	b-pb
2272	du-pb
2273	ha-pb
2274	u-pb
2275	b-lydiff
2276	ts-lydiff
2277	b-lycons
2278	b-lyphas
2280	b-lypwms
2281	ly-cml
2282	p-lvp
2283	p-lyshydr
2284	du-lzm
2285	fl-lzm
2286	lf-lzm
2287	li-lzm
2288	pf-lzm
2289	s-lzm
2290	u-lzm
2291	u-lzm-o
2292	bm-lzm-vr
2293	l-lzm-vr
2294	gj-l��ke-o
2295	u-l��ke-o
2298	di-mg
2299	du-mg
2300	e-mg
2301	f-mg
2302	li-mg
2303	s-mg
2304	sp-mg
2305	u-mg
2306	pt-maha-o
2307	pt-maha-ka
2308	pt-maha-hi
2309	pt-maha-in
2310	pt-maha-pe
2311	pt-maha-ph
2312	pt-maha-tn
2313	s-lkmab
2315	b-plas-o
2316	e-plas-o
2317	s-plasab
2318	ts-maltaas
2319	pt-malt-r
2320	u-mandel
2321	du-mn
2322	p-mn
2323	u-mn
2324	li-mastix
2325	s-mekslet
2326	u-melan-o
2327	ts-mrih
2328	s-msh
2329	s-melaton
2330	s-nemeab
2332	u-mepro
2333	u-mepro-o
2334	u-metad
2335	u-metad-o
2336	du-metnef
2337	du-metnor
2338	s-metnor
2339	b-meoh
2340	s-meoh
2341	s-metalb
2342	b-hb-met
2343	b-hbmet-o
2344	s-metenke
2345	du-moma
2346	s-mtx
2347	pt-metyr-r
2348	du-metmal
2349	s-mians
2350	b-mifi
2351	pt-sydmtfi
2353	pt-sydmtl�
2355	pt-sydmtv�
2357	s-mitoab
2358	s-monab
2359	s-monabs
2360	s-monab-o
2361	p-motil
2362	s-ovarab
2364	af-musii-o
2365	sy-musii-o
2366	-mycoty
2367	s-mypnab
2368	-myplvi
2369	s-myogl
2370	u-myogl
2371	u-myogl-o
2372	af-na
2373	as-na
2374	di-na
2375	dj-na
2376	du-na
2377	e-na
2378	f-na
2379	gj-na
2380	li-na
2381	pd-na
2382	s-na
2383	sa-na
2384	sw-na
2385	sy-na
2386	u-na
2387	pt-na-vaih
2388	l-nbtkoe
2391	s-cya
2392	u-neuram
2393	s-neurot
2394	l-kemotax
2395	ex-neut
2396	ns-neut
2397	u-ni
2398	s-nipam
2399	pt-n2huuht
2400	pt-n2-sb
2403	-nocavi
2404	du-noradr
2405	p-noradr
2406	du-normet
2407	s-normet
2408	s-nortrip
2410	s-5-nukl
2411	pt-sydkatr
2419	pt-sydangr
2420	pt-sydetah
2421	du-oksal
2422	u-oksal-o
2423	s-oxpam
2424	pt-oksim
2426	pt-oksimpa
2429	pt-po2-tc
2434	s-ot
2435	u-opiaa-o
2436	du-orgah
2437	u-orgah-o
2438	s-oct
2440	pt-ortos-r
2441	du-osmol
2442	nu-osmol
2443	s-osmol
2444	u-osmol
2445	pt-paasto
2450	pt-pah-cl
2451	s-paras
2452	s-paras-o
2453	u-paras-o
2454	b-para-o
2455	f-para-o
2456	-para-o
2457	fs-pth
2458	pt-pth-r
2459	s-psolab
2460	bm-pas-vr
2461	l-pas-vr
2462	s-pastab
2463	f-soke-o
2464	fs-pepsin1
2465	fs-pepsin2
2466	b-perklet
2467	pt-perkl-r
2468	am-pero
2469	bm-pero-vr
2470	l-pero-vr
2471	s-bopeab
2472	-bopevi
2473	b-pvk
2474	b-pvk+t
2475	b-pvk+tkd
2476	s-rickab
2477	am-pintj�n
2480	pt-pvol
2481	s-stpnab
2482	-pncavr
2483	s-plihab
2484	s-poliab
2485	du-pbg
2486	u-pbg
2487	u-pbg-o
2488	du-porf
2489	f-porf
2490	u-porf
2492	f-porf-o
2493	u-porf-o
2494	s-prealb
2495	du-pregnd
2496	u-pregnd
2497	du-pregnt
2498	u-pregnt
2499	s-primid
2500	p-fv
2501	du-prog
2502	s-prog
2503	fs-c-pept
2504	p-prokad
2505	s-prokad
2506	p-fvii
2507	s-prl
2508	s-prlrih
2509	p-pg
2510	p-protsul
2511	af-prot
2512	as-prot
2513	du-prot
2514	li-prot
2515	pf-prot
2516	s-prot
2517	se-prot
2518	sy-prot
2519	u-prot
2520	du-prot-fr
2521	li-prot-fr
2522	s-prot-fr
2523	u-prot-fr
2524	li-iep
2525	s-iep
2526	u-iep
2527	af-prot-o
2528	li-prot-o
2529	u-prot-o
2530	s-pbri1
2531	s-pbri2
2532	s-pbri3
2533	s-pbri4
2536	f-pporf
2537	b-pporf
2538	f-pporf-o
2539	e-pporf-o
2540	ly-pporfox
2541	s-protrip
2542	p-fii
2543	p-fiikons
2544	pt-prot-cl
2547	p-fxi
2548	pt-puk-akg
2549	pt-puk-car
2550	pt-puk-jug
2551	pt-puk-per
2552	s-tbeabg
2553	s-tbeabm
2554	b-pyruv
2555	p-pyruv
2556	e-pk
2557	s-cobuab
2560	df-rasvah
2561	fs-ffa
2562	f-rasva-o
2563	pt-fe-r1
2565	fs-tibc
2566	fs-fe
2567	u-fe
2568	pt-fe-ek
2569	e-fe-in
2570	e-fe-vr
2571	pt-fe-vaih
2573	p-rekalsi
2574	fs-renin
2575	ts-res
2579	-rvirag
2580	s-retaba
2581	b-retik
2582	e-retik
2583	s-rbp
2585	s-rfwaro
2587	e-rh
2588	e-rh-ty
2593	s-rnaab
2594	f-rotaag
2597	pt-esoper
2598	pt-esophpm
2599	af-sakka
2601	ts-sakraas
2602	e-sakkhem
2603	pt-sakk-r
2604	s-salis
2605	u-salis
2606	u-salis-o
2607	s-salmab
2608	f-salmvi
2609	s-saptab
2610	s-schiab
2611	-schi-o
2612	-sekrett
2613	p-sekr
2614	pt-sekr-r1
2615	du-se
2616	s-se
2617	u-se
2618	am-sfingom
2619	s-shigab
2620	f-shigvi
2621	u-sial-o
2624	f-side-o
2625	li-siderof
2626	s-sperab
2627	pt-sper-1
2628	pt-sper-2
2629	pt-sper-3
2630	-sienna
2631	-sienvi
2632	-sienvr
2633	s-paroab
2634	s-siliab
2636	b-zn
2637	du-zn
2638	li-zn
2639	p-zn
2640	sp-zn
2643	b-morfo
2644	f-soke-fr
2645	s-soke-fr
2646	u-soke-fr
2648	u-soke-o
2649	u-solerit
2650	af-solut
2651	as-solut
2652	dj-solut
2653	ex-solut
2654	gj-solut
2655	li-solut
2656	ns-solut
2657	pf-solut
2658	sy-solut
2659	p-sommed
2660	s-sommed
2661	s-ghrih
2662	s-sd
2663	am-spektri
2664	li-spektri
2665	-leptna
2666	-leptvi
2667	-leptvr
2669	pt-spirom
2670	pt-spirmvv
2671	pt-spiromd
2672	pt-spiromp
2676	pt-spirtil
2680	pt-fvspiro
2682	pt-fvspird
2684	pt-fvspirp
2697	-stapvi
2698	-sterkon
2699	-strag
2700	s-strdnab
2701	s-streab
2703	ps-strvi
2704	p-fx
2705	s-subst-p
2706	bm-suda-vr
2707	l-suda-vr
2708	af-suhti
2709	as-suhti
2710	du-suhti
2711	li-suhti
2712	nu-suhti
2713	pf-suhti
2714	sy-suhti
2715	u-suhti
2716	-xykrom
2717	b-hb-smet
2718	s-sulfam
2720	u-syanid
2721	s-sydlab
2722	du-camp
2723	p-camp
2724	u-camp
2725	s-sylrab
2726	pt-syaika
2727	s-cmvab
2728	u-cmvvi
2729	l-sytotok
2730	-sasc-o
2731	s-tl
2732	s-teikab
2733	s-teofy
2735	s-testo
2736	s-testo-v
2737	s-shbg
2738	s-clteab
2743	s-tiosyan
2744	s-tob
2749	s-toxoabg
2750	s-toxoabm
2751	-toxovi
2753	pt-tolb-r
2754	f-toukka
2755	du-transf
2756	fs-transf
2757	u-transf
2758	s-cbg
2759	s-tpha
2762	pt-trh-r1
2763	pt-trh-r2
2764	fl-trihina
2765	f-tricna
2766	fl-trihivi
2769	as-trigly
2770	fs-trigly
2771	pf-trigly
2772	s-t3
2773	pt-t3sup-r
2774	s-t3r
2775	s-t3-v
2776	s-t3u
2777	s-trspab
2778	u-tca
2779	u-tca-o
2780	u-tcetoh
2781	e-tpi
2782	p-trombai
2783	p-aptt
2791	b-trom
2795	pt-trom1/2
2796	b-tab-ty
2801	b-tryp-o
2802	s-trypab
2803	-trypna
2804	dj-tryps
2805	du-tryps
2806	fs-tryps
2807	pa-tryps
2808	f-tryps-o
2810	-tbhe
2812	-tbvi
2813	-tbvr
2814	s-tubmab
2815	s-morbab
2816	-frtuab
2818	-frtuvi
2819	s-ana
2821	pt-st-temp
2823	pt-st-et
2824	pt-st-vib
2825	s-tymsam
2826	du-n
2827	u-n
2828	s-tygl
2829	s-tyglab
2830	s-tygliab
2831	s-tymsab
2832	s-tsh
2833	s-trh
2834	s-t4
2835	s-tbg
2836	s-t4-v
2837	s-t4u
2838	s-tyros
2840	pt-t�rkk-r
2841	f-t�rkk-o
2842	pt-sydtaha
2843	af-un�k�-o
2844	as-un�k�-o
2845	f-un�k�-o
2846	gj-un�k�-o
2847	li-un�k�-o
2848	pf-un�k�-o
2849	sy-un�k�-o
2850	u-un�k�-o
2852	pt-pef
2853	pt-hengalp
2854	pt-brdil
2855	pt-histamp
2856	pt-kylm�p
2857	pt-metakp
2858	pt-pef-pa
2859	pt-pef-ras
2860	pt-pef-ty�
2861	pt-pef-vrk
2862	f-mikros
2883	du-uraat
2884	s-uraat
2885	sy-uraat
2886	u-uraat
2887	du-urea
2888	fs-urea
2889	sa-urea
2890	u-urea
2892	pt-urea-cl
2893	f-urob
2894	u-urob
2895	f-urob-o
2896	u-urob-o
2897	du-ubg
2898	f-ubg
2899	f-ubg-o
2900	u-ubg-o
2901	u-uropep
2902	du-uporf
2903	u-uporf-o
2905	e-pbgd
2906	s-vaccab
2907	b-vakuly
2908	s-valpr-v
2909	pt-vp-rr
2910	pt-vp-ple
2912	pt-vp-dop
2914	pt-vp-kat
2916	pt-vvp-lsp
2918	pt-vp-kylp
2919	pt-vp-pa
2922	-vzvvi
2923	s-vzvab
2924	pt-sydkatl
2925	pt-sydangl
2926	pt-koroang
2932	fp-vip
2934	pt-vkg
2935	b-xkoe
2938	pt-bcirc
2939	pt-rr
2940	pt-bvol
2941	af-veri-o
2942	as-veri-o
2944	li-veri-o
2945	pf-veri-o
2946	sy-veri-o
2947	u-veri-o
2950	e-vr-ty
2951	e-aborh
2952	s-aboab
2953	s-vrab-o
2955	b-vrabtu1
2956	p-aboabg
2957	p-aboabm
2958	pt-vesi-r
2959	-vesitut
2960	s-rubeab
2961	s-rubeabm
2962	s-rubeabg
2966	-virag
2967	s-virab
2972	s-virsabg
2973	s-virsabm
2975	-virvi
2976	-virna
2977	b-viskos
2978	p-viskos
2979	s-viskos
2980	sy-viskos
2982	pt-vuotaii
2983	pt-kons-r
2985	s-yersab
2986	s-yersaba
2987	s-yersabg
2988	s-yersabm
2989	f-yersvi
2990	af-ada
2991	s-ada
2992	u-atp
2993	p-adrnor
2994	s-albgly
2996	s-afp-o
2997	di-al
2998	s-al
2999	s-amfet-o
3000	s-ami
3003	s-amobr-o
3004	s-amyl-ma
3006	s-asat-mc
3007	s-asat-cy
3008	am-b2miglo
3009	sa-b2miglo
3010	pt-b2mi-cl
3011	du-btg
3012	p-btg
3013	s-bubar-o
3014	s-c1
3015	e-coomb-o
3017	s-diats-o
3018	s-fenyt-o
3019	b-digoks
3020	ts-digoks
3021	u-disul-o
3022	s-enaab
3023	s-ecaab
3024	du-epiandr
3025	du-epitest
3026	du-e1+e2
3027	nu-e1+e2
3028	s-eta
3029	s-etoh-o
3030	u-etklv-o
3031	s-fenob-o
3032	s-fensy-o
3033	as-fihy-o
3034	pf-fihy-o
3035	sy-fihy-o
3036	p-fpa
3037	p-fpb
3038	s-flupa-o
3041	li-gly
3042	b-hb-ief
3044	s-heroi-o
3047	pt-igg-cl
3048	ts-igc3
3049	s-igaab
3050	s-cic
3051	tf-ic
3052	p-insu-v
3053	-syto
3054	s-inh
3055	pt-inh-r
3056	u-inh-o
3057	b-ipro
3058	s-campab
3059	s-tsab
3060	s-klona
3061	s-klona-o
3063	u-klora-o
3064	s-cldia-o
3066	p-c3aktt
3067	p-c4aktt
3068	tf-c3
3069	tf-c4
3070	s-kodei-o
3071	s-ck-b
3072	s-ck-m
3073	s-ksyl
3074	u-ksyl
3075	ly-hlab27
3076	s-ld-1
3077	s-ld-5
3078	me-lanug-o
3079	b-la-mi
3080	sy-leuk
3082	fs-lipoc
3083	s-lorat-o
3084	ts-lhrh
3085	b-lybmark
3086	bm-lybmark
3087	ly-lybdiff
3088	ly-lytdiff
3089	b-mlc
3090	b-lyppds
3092	s-metam-o
3093	s-nipam-o
3094	u-nitr-o
3095	b-nkcml
3097	s-okarba
3098	s-pebar-o
3099	s-perfen
3100	s-plg
3102	s-propr-o
3103	p-pg6kf1a
3104	p-pge2
3105	p-pgf2
3107	gj-fe-o
3108	s-sebar-o
3109	s-rif
3110	s-so4
3111	pt-sulfa-r
3112	du-cgmp
3113	p-cgmp
3114	u-cgmp
3115	pt-camp-cl
3116	s-teofy-o
3117	s-tiopen
3118	s-tiorid
3119	p-tiosyan
3122	p-txb2
3123	b-aptt
3125	b-tromfu
3126	s-tba
3127	s-tbpa
3129	sy-diffi
3130	s-salis-o
3132	pt-crh-r
3133	as-alb
3134	du-alb
3135	p-afukos
3136	p-agalak
3137	p-aglukos
3138	p-aman-is
3139	du-aminh-o
3140	du-nh4-ion
3141	pf-amyl
3142	s-amyl-ic
3143	s-aa
3144	s-aal
3145	pt-anoman
3146	du-antran
3147	du-aromhi
3148	du-as
3149	p-aryls-a
3150	s-asetam
3153	du-b12-vit
3154	u-baktalv
3155	du-barb
3156	du-barb-fr
3157	b-baso
3158	p-bgalak
3159	p-bglukur
3160	du-b2miglo
3161	du-br
3162	f-clditox
3163	s-d-1
3164	s-d3-25
3165	s-d-24
3166	s-dheas
3168	s-doksep
3169	fs-e-vit
3170	du-hg
3171	pt-e2-r
3172	u-etgly-o
3173	du-f
3174	du-folaat
3175	u-thgprot
3176	p-hfos
3177	du-hapot
3178	ab-o2-vol%
3179	vb-o2-vol%
3181	f-hb-o
3182	pt-pco2tc
3187	du-hippur
3189	pf-hyalur
3190	sy-hyalur
3191	li-5hiaa
3192	s-igg-sc
3193	li-ig-mc
3194	li-ig-oc
3197	du-i
3198	du-cd
3199	se-k
3200	du-kallik
3201	di-ca
3202	fs-ca-uf
3203	s-karbae
3205	pt-klomi-r
3206	se-cl
3207	pf-kol
3208	s-kolhdl2
3209	s-kolhdl3
3210	pt-hcg-r1
3211	s-kors-bc
3212	s-ck-mbic
3213	du-cr
3214	du-ksan
3215	du-au
3216	af-laktaat
3217	sy-laktaat
3218	as-ld
3219	-lepnvr
3220	s-hlipaas
3221	s-lpl
3222	du-li
3223	b-ly
3224	s-l��ke-o
3225	du-mandel
3226	s-maprot
3227	u-moma
3228	du-methipp
3229	u-methipp
3230	b-monos
3231	li-mbp
3232	p-naag
3233	p-nabg
3234	p-nabg-is
3235	se-na
3236	s-net
3238	b-neut
3239	du-ni
3240	ab-hbo2
3241	vb-hbo2
3242	s-gpenige
3243	s-vpenige
3244	s-napa
3245	du-iep
3246	du-fe
3248	du-sial
3249	s-sis
3250	di-solut
3252	s-igf2
3253	s-igf1
3254	ts-suda-vr
3255	s-sultiam
3256	du-syanid
3257	s-t3ab
3258	s-t3rab
3259	s-t4ab
3260	bm-tdt-vr
3261	l-tdt-vr
3262	pt-testo-r
3263	li-tpha
3264	du-tca
3265	du-tcetoh
3266	s-trimip
3268	u-tutk-1
3269	u-tutk-2
3270	u-tutk-3
3271	s-tiab
3272	s-thab
3275	s-un�k�-o
3277	s-van
3278	s-aktab
3279	s-brucabg
3280	s-brucabm
3281	s-c3nef
3283	e-c3bres
3284	s-glomab
3285	s-gcabg
3286	s-gcabm
3287	-hibag
3288	s-igasekr
3289	se-igasekr
3290	li-igg/alb
3291	li-ige/alb
3292	s-campabg
3293	s-campabm
3294	-chtrag
3295	li-c3
3296	pf-c3
3297	li-c4
3298	pf-c4
3299	li-ch50
3300	pf-ch50
3301	tf-ch50
3303	s-legiabg
3304	s-legiabm
3305	s-listabg
3306	s-listabm
3307	b-lyoids
3308	b-lyspas
3310	-nemeag
3311	s-bopeaba
3312	s-bopeabg
3313	s-bopeabm
3314	s-rfaba
3315	s-rfabg
3316	s-rfabm
3317	s-rnpab
3318	s-salmabg
3319	s-salmabm
3320	s-shigabg
3321	s-shigabm
3322	s-ssaab
3323	s-ssbab
3324	s-smab
3325	-strbag
3326	-stpnag
3330	s-frtuabg
3331	s-frtuabm
3340	pf-alb
3341	f-antitry
3342	pf-a1glypr
3344	pt-glkg-r2
3346	s-havab
3347	s-hbcabm
3355	p-vuotot
3356	bf-iga
3357	bf-igg
3358	bf-igm
3362	li-kardab
3363	sy-c3
3364	sy-c4
3365	s-lana-c
3366	fl-leuk
3367	li-lydiff
3377	-rf-o
3379	s-sappih
3380	pt-sekr-r2
3388	pt-pol
3389	u-v
3390	pt-trem
3394	li-virab
3395	p-hb-o
3396	p-dopam
3397	pf-ast
3398	s-ch50
3399	s-agaaba
3400	s-agaabg
3401	s-immfix
3402	u-immfix
3403	du-immfix
3404	li-immfix
3409	b-li
3410	e-li
3411	nu-gluk
3412	s-ca19-9
3413	sy-ast
3414	s-ca12-5
3415	s-ca50
3416	b-soluvi
3417	bm-soluvi
3418	pt-ph2-ex
3419	pt-ph2-exr
3420	ab-po2-r
3421	pt-pencirc
3422	pt-mkg
3423	pt-sydmtrb
3424	pt-heliike
3425	du-alb-mi
3426	li-ace
3427	s-achr-ab
3428	fs-b1-vit
3429	s-b6-vit
3430	u-etgly
3431	s-flip-a2
3433	s-myogl-o
3434	s-nse
3435	p-pc
3436	s-sial
3437	e-gshp
3438	s-oxpam-o
3439	b-tromagg
3440	pf-ace
3441	-mican
3442	f-baktvi1
3443	f-baktvi2
3444	f-crypvr
3445	u-dcpa
3446	u-mcpa
3447	e-gadp
3448	u-hd
3449	s-hcg-o
3450	li-igg-ind
3451	u-igg-ind
3452	s-igg/alb
3453	b-isyys-1
3454	b-isyys-2
3455	u-canna-o
3456	u-co
3457	se-leuk
3458	pu-diffi
3459	fs-lipoa2
3460	u-pb-alk
3461	du-oligs
3462	du-oligs-o
3464	u-pcp
3465	f-polivi
3466	b-nproh
3467	s-rabiab
3468	-cmvag
3469	u-tcp
3470	b-tolu
3471	-hivag-o
3472	b-hivab
3473	s-hivab
3474	-hivvi
3475	gj-hb-o
3476	e-tk
3477	b-tceta
3478	s-protgly
3479	fs-fa-fr
3487	b-tromabo
3488	-mbcae
3490	-bakanlm
3491	pu-baktvi1
3492	pu-baktvi2
3493	ex-baktvi
3494	f-cldivi
3495	-codilm
3496	f-epecty
3497	s-ftaigm
3498	ps-gcvi
3499	-hity
3500	s-klopi
3501	-legity
3502	b-lytuls
3503	-nemety
3504	s-mprab
3505	-stpnty
3506	-sienlm
3508	pu-sienvi
3509	sk-sienvi
3510	-stauft
3511	-trpaag
3513	-yersty
3514	mm-hygvi
3515	sp-sperab
3516	cf-sperab
3517	cf-pct
3518	cf-sperpen
3519	sp-sperhop
3520	s-dengab
3521	s-hdvab
3522	s-chpsab
3523	s-chtrabm
3525	s-infab
3526	s-inkoab
3527	s-sindab
3528	s-puumabm
3529	-vzvag
3532	pt-eneg-et
3533	pt-eneg-2
3534	pt-erg-et
3541	pt-tms-s
3542	pt-psg
3543	pt-psg-et
3544	pt-ref-bul
3545	pt-ref-mas
3546	pt-ref-bli
3548	s-histab
3550	s-rf
3551	se-likvo-o
3552	s-borrab
3553	s-alligg
3554	pt-pisto-r
3557	cu-alb
3558	sa-prog
3559	sa-amyl
3560	sa-ph
3561	sa-ph-s
3562	sa-lzm
3563	sa-amyl-s
3564	sa-strmuvi
3565	pt-saer
3566	pt-saer-s
3567	sa-iga-s
3568	sa-igg-s
3569	sa-igm-s
3570	sa-lacbvi
3571	sa-buff
3572	sa-buff-s
3573	sa-17hprog
3574	sa-testo
3577	p-ps-ag
3578	p-lupusak
3579	vb-o2-sis
3580	zb-o2-sis
3581	cb-o2-vol%
3582	zb-o2-vol%
3583	pt-sydtami
3584	f-baktvi3
3585	s-hibab
3586	-chpnab
3587	s-ca15-3
3588	u-dolikol
3589	fs-lipoe
3590	df-rasva
3591	f-rasva
3592	s-tati
3593	u-tati
3594	s-osteoca
3595	pt-kvh-1
3596	pt-kvh-2
3597	pt-ssr
3599	pt-ref-et
3600	pt-esophpa
3601	pt-autherm
3602	pt-hs-muu
3603	fp-renin
3604	-salmty
3605	-shigty
3606	b-cya
3607	s-plab
3608	s-kardaba
3609	s-kardabg
3610	s-kardabm
3612	s-anca
3613	sw-osmol
3614	di-ph
3615	u-etoh
3616	cb-gluk
3617	s-karba-v
3618	fp-korste
3619	f-leuk
3620	li-mtx
3621	s-antib
3622	p-na
3623	du-neopt
3625	-poliab
3626	-pregnlo
3627	fp-renin-m
3628	fp-renin-p
3629	u-amyl-o
3630	-cmvab
3631	li-morbab
3632	li-vzvab
3634	ts-rna
3635	ps-straag
3637	li-hivab
3638	li-puumab
3639	s-scc-ag
3640	s-anpc
3641	cv-kromos
3642	s-psa
3643	-gavavi
3644	-ururvi
3647	ab-vekaas
3648	cb-vekaas
3649	vb-vekaas
3650	zb-vekaas
3652	s-sentab
3653	li-nse
3654	s-tymidk
3655	pf-cea
3656	s-kryog
3657	s-hyalur
3658	fs-proins
3659	mm-fe
3660	b-porf
3661	li-ada
3662	pf-ada
3663	cu-prot
3664	pf-diffi
3665	as-diffi
3666	s-pncaab
3667	u-ph-o
3669	us-tsh
3670	s-propr
3671	s-hivag
3672	s-bendi-o
3673	p-ca-ion
3674	s-trisy-o
3675	e-uporfdc
3676	s-gh-ab
3677	s-sp1
3678	s-ohbut
3679	u-tiosulf
3680	s-retabg
3681	s-valpr
3682	s-piiinp
3683	fs-lipoa
3684	pf-b2miglo
3685	s-triatso
3686	s-tsopik
3687	s-desdiat
3688	s-destrim
3689	s-lorat
3691	p-ni
3692	s-orotaat
3693	s-leisab
3694	s-atry-ty
3695	b-pvk+tmd
3696	b-tvk
3698	pt-ncamp
3699	s-bupiva
3700	s-deksam
3701	s-etidok
3702	s-flekain
3703	s-mpa
3704	s-megesta
3705	s-mpredso
3706	s-predsol
3707	s-predson
3708	s-tokain
3709	s-vrab
3712	pt-brom-r
3713	pt-dxm-r3
3714	pt-desm-r
3715	pt-gluk-r4
3716	pt-gluk-r5
3718	pt-lakt-r2
3719	pt-pent-r1
3720	pt-pent-r2
3721	pt-sapph-r
3723	sp-atp
3724	kl-alb
3726	sy-baktvi
3727	di-hco3
3728	pu-crp
3729	s-ema
3732	sy-eryt
3733	s-frukt
3734	fp-18hkors
3735	s-iga-sc
3736	df-k
3737	kl-k
3738	mm-k
3739	mm-ca
3740	df-cl
3741	ts-kromos
3742	b-ksyl
3743	di-leuk
3744	b-hemafc
3745	bm-hemafc
3746	ts-hemafc
3747	sy-ly
3748	b-mn
3749	df-na
3750	kl-na
3751	mm-na
3753	cu-c-pept
3754	di-prot
3755	mm-prot
3756	s-tbeab
3757	cu-sulfam
3759	pt-ghrh-r
3761	s-ihotaba
3762	s-ihotabg
3763	s-picp
3764	s-lamab
3765	s-scl70ab
3767	s-pm1ab
3768	s-pcnaab
3769	s-rrnpab
3770	s-anagr
3771	b-apob-d
3772	b-agu-d
3773	am-agu-d
3774	pl-agu-d
3775	ts-agu-d
3776	fe-b2-vit
3777	u-baktjvi
3778	b-bcr-d
3779	bm-bcr-d
3780	ts-bcr-d
3781	b-bcr-mr
3782	bm-bcr-mr
3783	ts-bcr-mr
3784	bl-bal
3785	b-buff-vr
3786	s-chpsabg
3787	fl-clue-o
3788	s-d2-25
3790	b-dna-fp
3791	bm-dna-fp
3792	ts-dna-fp
3797	b-dystr-d
3798	am-dystr-d
3799	fl-dystr-d
3800	f-vtec
3804	s-fakb-ty
3805	s-fluoks
3806	s-flu
3807	bl-foslip
3811	-gcjvi
3812	vb-hbo2sat
3813	f-hhb-o
3815	s-hcvab
3816	p-histam
3817	b-hras-d
3818	bm-hras-d
3819	ts-hras-d
3820	b-hras-mr
3821	bm-hras-mr
3822	ts-hras-mr
3828	p-antifxa
3830	s-iglck
3831	s-iglcl
3832	du-iglck
3833	du-iglcl
3834	s-ige-ps
3835	s-ige-ss
3836	s-allige
3837	b-igh-d
3838	bm-igh-d
3839	ts-igh-d
3847	s-insuaab
3848	s-ipro
3849	b-ct-d
3850	bm-ct-d
3851	ts-ct-d
3852	sa-karba
3853	s-karni
3854	s-klobat
3855	s-c4-ty
3856	s-ch100cl
3857	s-ch100al
3858	b-kras-d
3859	bm-kras-d
3860	ts-kras-d
3861	b-kras-mr
3862	bm-kras-mr
3863	ts-kras-mr
3864	cu-krea
3865	b-ldlre-d
3866	pt-limak-r
3872	u-metseu
3873	du-mta
3874	du-mhistam
3875	cu-mhistam
3876	li-antib
3877	-myplag
3878	cu-na
3879	b-nf-d
3880	am-nf-d
3881	pl-nf-d
3882	b-nras-d
3883	bm-nras-d
3884	ts-nras-d
3885	b-nras-mr
3886	bm-nras-mr
3887	ts-nras-mr
3888	-hpvag
3889	-hpvvi
3890	pt-gendis
3894	s-propfen
3895	s-proh
3896	s-pche
3898	mm-rasva
3899	s-retab
3900	s-sip
3901	sp-sitraat
3902	-morfo
3903	s-str
3904	b-tcr-d
3905	bm-tcr-d
3906	ts-tcr-d
3907	s-toxoab
3908	s-toxoaba
3909	s-toxoavi
3910	pt-tolb-r1
3911	pt-tolb-r2
3912	s-trofab
3913	pt-trom-r
3914	pt-rr-pa
3915	s-verpa
3920	s-alprat
3921	u-al
3922	s-amiod
3923	s-amylp
3924	u-amylp
3925	s-amylinh
3926	s-adiolg
3927	fs-bkarot
3928	b-bents
3929	s-chpsabm
3931	b-dnalink
3932	pt-ekg-sr
3935	am-fviii-d
3936	b-fviii-d
3937	pl-fviii-d
3938	u-fenol
3939	p-fidd-o
3940	am-fibrl-d
3941	b-fibrl-d
3942	pl-fibrl-d
3943	ts-fibrl-d
3945	u-formia
3946	s-gvgaba
3947	b-gelso-d
3948	u-glyf
3949	s-halop
3950	s-hepyab
3951	s-hepyabo
3952	f-hepyag
3953	s-hepyaba
3954	s-hepyabg
3955	s-hepyabm
3956	ts-hladr
3957	s-ohkarba
3958	u-metfor
3959	s-5-ht
3960	ts-il2r-o
3962	u-cp
3963	s-klorprm
3964	s-klotsa
3965	b-co
3966	s-ictp
3969	u-cot
3975	li-borrab
3977	u-naftol
3982	s-nordiat
3984	s-norfluo
3985	s-norklob
3986	s-norklom
3987	s-nortrim
3990	ts-fnab
3991	s-pentob
3994	p-tpa
3995	p-tpai
3996	s-pt
3997	f-plesvi
3998	-pncaag
3999	fs-pcb
4000	p-ps-agv
4002	am-rb-d
4003	b-rb-d
4004	pl-rb-d
4009	pt-syveahe
4010	pt-sykvar
4011	pt-sykvapa
4012	ts-cya-o
4014	-cmviag
4015	u-tl
4019	s-temats
4020	u-ttca
4021	-toxoag
4022	b-fc11
4023	b-fc113
4024	u-tricp
4025	p-trombot
4026	s-trats
4027	ex-tbvi
4028	s-tpoab
4031	p-vwf-ag
4032	p-vwfrco
4034	ts-abortti
4035	ts-aa-o
4036	ts-aches-o
4037	as-syto
4038	bl-bal-1
4039	bl-bal-2
4040	bf-syto
4041	ts-dnafc
4042	he-pad
4043	ts-padgast
4044	pt-papa-1
4045	pt-papa-2
4046	ne-pad
4047	sk-pad-if
4049	ln-pad
4050	pt-konsulp
4051	ts-padpika
4052	ts-pad-em
4053	ts-pad-if
4054	ts-pad-1
4055	ts-pad-2
4056	ts-pad-3
4057	m-pad
4059	li-syto
4060	bo-pad
4061	bm-pad
4062	st-syto
4064	lr-pad
4065	ki-pad-em
4066	ki-pad-if
4067	ki-pad
4068	ns-syto
4069	pt-obd-1
4070	pt-obd-2
4071	pt-obd-3
4072	pt-obd-4
4075	-hpvnho
4076	pf-syto
4077	mf-syto
4078	u-syto
4080	ex-syto
4082	pt-acth-r4
4083	pt-acthrp
4084	cu-alb-mi
4085	s-adiolg
4088	-amebvr
4090	as-ace
4091	s-apoety
4092	b-apoe-d
4093	b-baktjvi
4094	pp-baktvi
4095	s-borrabg
4096	s-borrabm
4097	-borrvi
4098	s-c1inhbk
4099	li-ca12-5
4100	s-chtrabg
4101	s-cdt
4102	ts-mitok-d
4103	f-ehec
4104	sp-e-vit
4105	s-elasab
4106	b-hgi
4107	b-hg-org
4108	s-ecp
4109	s-ebnaab
4110	ts-estrres
4111	s-e1so4
4112	b-frax-d
4113	p-fidd
4114	s-ps-abg
4115	s-ps-abm
4116	s-gangab
4117	ts-hepyvi
4118	ts-her2n-d
4119	s-htlvab
4120	s-ifnab
4121	pt-kapto-r
4122	li-cea
4124	s-catg-ab
4125	s-keraab
4126	s-testab
4127	s-koka-o
4128	u-koka-o
4129	pt-konsulf
4130	pt-konsulk
4132	pt-konsulm
4133	pt-konsn-2
4136	li-hcg
4137	pt-hcg-r2
4138	pt-hcg-r3
4139	ts-mac
4141	b-ldlrh-d
4142	b-ldlrp-d
4143	s-lakf-ab
4144	fs-lipo(a)
4145	b-lycd4
4146	s-lzmab
4147	s-metmal
4148	s-mpoab
4149	s-mpoabg
4150	s-mypnabg
4151	s-mypnabm
4154	-onch-o
4155	p-pthrp
4156	s-parvab
4157	ub-pvk+t
4158	ts-progres
4160	s-pr3ab
4161	fs-ffa-fr
4162	fs-vlcfa
4163	fp-rensubs
4165	s-salmaba
4166	du-sitraat
4167	-strjvi
4168	s-cmvabg
4169	s-cmvabm
4170	p-tc1tc2
4171	s-ftaabs
4172	s-trypg1
4173	s-trypg2
4174	u-trypg1
4175	u-trypg2
4176	li-tati
4177	us-t4
4178	uv-vekaas
4179	ua-vekaas
4180	b-vrabtu2
4181	b-vrabtu3
4183	pi-pad
4184	sk-padihot
4185	-syto-ih
4186	-sytoish
4187	cn-pad
4188	lu-pad
4189	ut-syto
4190	ts-pad-eh
4191	ts-pad-ih
4192	ts-pad-ish
4193	ts-padkert
4194	ts-pad-4
4195	bo-pad-mor
4196	b-alko
4197	u-alko
4198	af-amylp
4199	as-amylp
4200	li-borrabg
4201	li-borrabm
4202	-borrnho
4203	u-bupre-o
4204	s-chpnabm
4205	-chtrif
4206	u-chtrnho
4207	s-desip
4208	s-dmklots
4209	-dnaex
4210	u-erytdys
4211	p-fix-ab
4212	u-fidd-o
4213	u-fidd
4214	p-fibrkap
4215	m-pfk
4216	m-phrla
4217	m-phrl
4218	p-hepalog
4219	p-hepakle
4221	u-huum-o
4223	s-imp
4224	s-ige-sse
4225	s-igg1
4226	s-igg2
4227	s-igg3
4228	s-igg4
4229	du-karni
4230	m-cpt1
4231	m-cpt2
4232	as-cea
4233	s-cef
4234	s-hcg-a
4235	s-hcg-b-v
4236	s-ck-mbm
4237	-legi-o
4238	b-apaap
4239	bm-apaap
4240	ly-t-cd4
4241	ly-t-cd8
4242	b-cd25
4243	b-cd54
4244	-myconho
4245	-mycohe
4246	m-mad
4247	b-nk
4248	u-orotaat
4249	s-parvabg
4250	s-parvabm
4251	s-sindabm
4252	b-porf-d
4253	s-psacx
4254	s-psa-v
4255	sy-rfwaro
4256	pt-sekrk-r
4257	-sienhe
4258	s-sital
4259	us-t4-v
4260	pt-vaso-r
4261	pt-vwf-sc
4262	p-vwf-ty
4263	pt-lihasp
4264	s-g-csf
4265	s-gm-csf
4266	ly-hladp
4267	b-hladqd
4268	b-nait
4269	s-il2r
4270	s-klorprt
4272	s-leukabo
4273	s-paratab
4274	b-lyag-s
4276	b-tag-ty
4277	b-tag-d
4278	s-tnt
4279	-ana
4280	f-tnf
4281	li-tnf
4282	s-tnf
4283	b-ald-d
4284	pd-alb
4285	s-alko
4286	s-amyls
4287	du-aspglam
4288	b-as-d
4289	li-baktjvi
4290	ps-baktvi
4291	s-biotase
4292	s-blas-ab
4293	s-busulf
4294	s-chpnabg
4295	-chpnvi
4296	f-cldiag
4297	s-cob5abg
4298	s-cob5ab
4299	u-dmet
4300	s-desital
4301	-ec22abg
4302	-evirabg
4303	-evirvi
4304	ns-ecp
4305	s-etoh
4306	ts-frax-d
4307	b-frax
4308	-fraxa
4309	du-gag-fr
4310	du-glylifr
4311	f-ph
4312	s-hbvnho
4313	s-hevab
4314	s-hcvnho
4315	b-hladr-d
4316	b-eda-d
4317	u-ipro
4318	s-jpeab
4319	m-karni
4321	u-hcg-fr
4322	b-chm-d
4323	bm-bcl2-d
4324	ts-bcl2-d
4325	pl-kromos
4326	ub-kromos
4327	ts-cu
4328	s-lamotri
4329	pd-leuk
4330	b-lcd34
4331	bm-lcd34
4332	pd-diffi
4333	s-levomep
4334	pd-lipaas
4335	cu-lh
4336	ly-transfo
4337	b-ly-s
4338	b-lybor-s
4339	fp-mg-ion
4340	b-men1-d
4341	ex-mpo
4342	s-mpo
4343	b-oiiv-d
4344	s-parvnho
4345	-bopenho
4346	s-plasmin
4347	b-pkd1-d
4348	b-pws-d
4349	pd-prot
4350	-rsvvi
4351	-rsvag
4352	du-sial-v
4353	sp-speraba
4354	sp-sperabg
4355	pd-solut
4356	-soluvi
4357	b-sca1-d
4358	-mrsavi
4359	-cmvnho
4360	b-tacro
4361	s-tni
4363	fs-ubikin
4364	pd-urea
4368	-adenag
4369	ps-adenag
4370	b-kinitp
4371	s-adenabg
4372	li-adenabg
4373	-adenab
4374	f-aerovi
4375	-amebvi
4377	p-at3ag
4378	p-apcres
4379	s-arabi
4381	-baktnho
4382	s-bil-glu
4384	-chpnnho
4385	s-rsvab
4386	s-cob4ab
4388	li-cmvabg
4389	li-cmvabm
4390	s-emaba
4391	s-emabg
4392	-evirnho
4393	ts-ents
4394	s-ebveab
4395	s-fidd-o
4397	s-gangabg
4398	s-gangabm
4399	b-hepartp
4400	s-gadab
4401	-hsvpvi
4402	li-hsvabg
4403	li-hsvabm
4404	li-hsvnho
4405	s-hsvabg
4406	s-hsvabm
4407	li-hsvab
4409	s-hhv6ab
4410	b-fv-d
4411	p-fxiii
4412	p-sf8-ab
4413	s-igg3gm
4415	-infaag
4416	-infbag
4417	li-infaabg
4419	s-infaabg
4420	s-infbab
4421	sy-syto
4422	ma-syto
4423	ko-syto
4424	pl-pad
4425	p-luakrvv
4426	p-luakptt
4427	s-langcab
4428	-lepnnho
4429	b-leuxkoe
4431	s-mbl
4432	t-memgp
4433	li-morbabg
4434	li-morbabm
4435	s-morbabg
4436	s-morbabm
4437	-tbevi
4438	b-tbevi
4439	-mypnnho
4440	li-mypnab
4442	s-nuklab
4445	p-tpa-ag
4446	-pncanho
4447	s-anpn
4448	p-pc-ag
4449	p-ps
4452	p-fii-ag
4453	s-puumavi
4455	-rsvabg
4457	s-ricoab
4458	s-rityab
4459	f-virem
4460	-strovi
4461	li-tbeabg
4464	p-tnt-o
4467	s-vzvabg
4468	li-vzvabm
4469	b-vrab-gr
4470	-virem
4471	pt-vuotaid
4472	s-zuklop
4475	pt-hepy-r
4476	pt-ekg-pao
4477	u-intp
4478	fs-apoa4ft
4479	bf-ecp
4480	lf-ecp
4481	sa-teofy
4482	pt-ekg-ls
4483	ts-hepyo
4484	-hiv1nh
4485	-hivnho
4486	pt-iho-r1
4487	pt-iho-r2
4488	pt-iho-r3
4489	pt-iho-r4
4490	-tbnho
4496	s-pinp
4497	s-chpnaba
4498	s-chtraba
4499	s-campaba
4500	b-atrytyd
4501	b-cl2-d
4502	s-afosluu
4503	s-igfbp3
4504	fs-cga
4505	s-ana-ty
4506	s-cyfra21
4507	p-kysc
4508	s-dst
4509	b-metad
4510	s-mypnaba
4511	u-albkre
4512	p-tni-o
4513	p-ohbut
4514	fp-ca
4515	fp-kol
4516	fp-kol-hdl
4517	p-ck
4518	p-ck-b
4519	p-ck-m
4520	p-tt-inr
4521	s-puumabo
4522	u-lsd-o
4523	u-lsdct
4524	p-ck-mb
4525	p-ck-mbm
4526	p-ld
4527	p-li
4528	p-meoh
4529	fp-fe
4530	p-trigly
4531	p-tni
4532	p-tnt
4533	p-uraat
4534	p-urea
4536	b-hladqad
4537	b-hladqbd
4538	b-hladpbd
4539	b-hlaad
4540	b-hlabd
4541	b-hlacd
4542	b-hladrld
4543	p-plg
4544	p-fibrpol
4545	p-c3
4546	p-c4
4547	p-mbl
4548	s-tr1seul
4549	s-pappa
4550	s-tr2seul
4551	b-kromhem
4552	ts-kromhem
4553	-fishhem
4556	-fishalk
4557	p-net
4558	du-net
4559	li-net
4560	fp-pth
4561	p-anpc
4562	p-anpn
4563	p-pche
4564	p-se
4565	fp-zn
4566	b-cy
4567	fp-transf
4568	fp-trigly
4569	b-trombot
4571	p-tnf
4572	-baannho
4573	fp-urea
4574	p-aboabg
4575	p-aboabm
4576	p-vrab
4577	p-vrab-o
4578	b-fidd
4579	li-hhv6abg
4580	s-hhv6abg
4581	li-hhv6abm
4582	s-hhv6abm
4583	s-hhv6avi
4584	li-hhv7ab
4585	s-hhv7ab
4586	p-alb
4587	p-afos
4589	p-amyl
4590	p-amylp
4591	p-asat
4592	p-bil
4593	p-bil-kj
4594	p-crp
4595	p-pi
4596	p-gluk-r
4597	p-gt
4598	p-ca
4599	fp-kol-ldl
4600	p-krea
4601	p-mg
4602	p-myogl
4603	p-5-nukl
4606	-trfesat
4607	p-poxvi
4608	-poxnho
4609	s-poxab
4610	s-poxabg
4611	s-poxabm
4612	u-ghbct
4613	p-etoh
4614	b-lakt-d
4615	b-aches
4616	s-bnp
4617	s-probnp
4618	p-prealb
4619	s-s100
4620	-parvnho
4621	li-paroabm
4622	li-paroabg
4623	li-mypnabm
4624	ts-hpvnho
4625	-hcvnho
4626	s-ebvavi
4627	s-dengabg
4628	fs-pp
4629	b-op
4630	s-gabapen
4631	s-ketiap
4632	u-lepnag
4633	s-leptabg
4634	s-leptabm
4635	f-crypag
4636	f-giarag
4637	s-psa-suh
4638	s-gastr17
4639	fs-gastr17
4640	b-hlakeli
4641	b-apeced
4642	ts-apeced
4643	b-cftr-d
4644	b-cln3-d
4645	ts-cln3-d
4646	b-cln5-d
4647	ts-cln5-d
4648	b-dm1-d
4649	ts-dm1-d
4650	b-fapy-d
4651	b-fapl-d
4652	b-fshr-d
4653	b-hnpcl-d
4654	b-hnpcc-d
4655	b-hnpcy-d
4656	b-hunt-d
4657	b-incl-d
4658	ts-incl-d
4659	b-lchad-d
4660	ts-lchad-d
4661	b-mcad-d
4662	ts-mcad-d
4663	b-mecp2-d
4664	b-melas-d
4665	ts-melas-d
4666	b-narp-d
4667	ts-narp-d
4668	b-merrf-d
4669	ts-merrf-d
4670	b-mtcmp-d
4671	ts-mtcmp-d
4672	b-leber-d
4673	ts-leber-d
4674	b-mul-d
4675	ts-mul-d
4676	b-nphs1-d
4677	ts-nphs1-d
4678	b-pai1p-d
4679	b-ps1d9-d
4680	ts-ps1d9-d
4681	b-ret-d
4682	b-rmrp-d
4683	b-rmrpl-d
4684	ts-rmrp-d
4685	ts-rmrpl-d
4686	b-salla-d
4687	ts-salla-d
4688	b-ush3-d
4689	ts-ush3-d
4690	ts-ccd-d
4691	ts-cln8-d
4692	ts-dtd-d
4693	ts-epm1-d
4694	b-epm1m-d
4695	ts-epm1m-d
4697	b-asaur-d
4698	ts-asaur-d
4699	b-cohen-d
4700	ts-cohen-d
4702	b-hfe-d
4703	b-meb-d
4704	ts-meb-d
4705	ts-nph1-d
4706	ts-xlrs-d
4707	pf-nse
4708	am-epo
4709	p-bnp
4710	s-hfostr
4712	u-prokre
4720	p-tfr
4721	ts-her2ish
4723	b-ccd-d
4724	b-cln8-d
4725	b-dtd-d
4726	b-epm1-d
4727	b-graci-d
4728	ts-graci-d
4729	b-gracl-d
4730	ts-gracl-d
4731	b-nph1-d
4732	b-xlrs-d
4733	s-bupre
4734	b-bupre
4735	s-fenytv
4736	b-hlaab
4737	b-hlacdt
4738	b-hlabdt
4739	b-hlaadt
4740	pt-uflores
4741	pt-urodyn1
4742	pt-urodyn2
4743	pt-urinkon
4744	s-ccpab
4746	-infabag
4747	-hsv1ag
4748	-hsv2ag
4749	li-cmvab
4751	cu-igg
4752	p-gal
4753	ca-baktvi
4754	pd-baktvi
4755	cu-a1miglo
4756	du-a1miglo
4757	u-a1miglo
4759	p-hiv1nh
4760	p-probnp
4761	u-trama-o
4762	u-tramact
4763	ts-padpros
4764	ts-padcolo
4765	ln-padsent
4766	sk-if-iga
4767	s-metad
4768	u-fish
4769	s-ifnbab
4770	b-fishdel
4771	p-mypa
4772	s-sarsab
4773	-sarsnho
4774	�-sarsvi
4775	p-ebvnh
4776	-ebvnh
4777	p-cmvnh
4780	s-evirnho
4781	s-phlebab
4782	-povnho
4783	s-rinonho
4784	-rinonho
4785	-sytpika
4786	b-cd2cd3
4787	ts-cd2cd4
4788	ts-icam-1
4789	ts-lyadh
4790	ts-lyakt
4791	li-hemafc
4792	ly-cd4/cd8
4799	am-fishan
4800	pt-gluk-r6
4801	b-hlareu
4802	-rnaex
4803	f-calpro
4804	s-dsgab
4805	s-dsg1ab
4806	s-dsg3ab
4807	-chtrnho
4808	du-kreal
4809	li-fostau
4810	li-tau
4811	li-bam42
4812	pt-no-ex
4813	-hivagab
4814	s-hivagab
4815	b-fishan
4816	u-ctgcnho
4817	-esblvi
4818	b-c4-d
4819	b-ldlrt-d
4820	b-ldlrprd
4821	b-ldlrpgd
4822	b-ldlrf11
4823	b-ldlrf12
4824	p-b12-vit
4825	p-digoks
4826	p-ferrit
4827	p-iga
4828	p-igg
4829	p-igm
4830	p-prl
4831	p-tsh
4832	p-t4-v
4833	mm-bovnho
4834	p-karba
4835	af-immfix
4836	nu-alb-mi
4837	ub-he-tase
4838	cb-heta-mi
4839	vb-het-ion
4840	cb-het-ion
4841	s-che-dn
4842	p-il6
4843	p-il8
4844	p-il2r
4845	us-epo
4846	pf-k
4847	pf-na
4848	gi-k
4849	gi-na
4850	nu-na
4851	bm-vgh
4852	u-sukkase
4853	li-pyruv
4854	p-ohbutyr
4855	u-orgah
4856	p-angap
4857	p-osmol
4858	ex-ecp-ind
4859	ex-ecp-spo
4860	ts-t-solut
4861	u-oligs-o
4862	ts-disak-o
4863	am-foslip
4864	b-cd34-fc
4865	b-heparab
4866	u-bta
4867	cb-bil
4868	p-psa-suh
4869	p-psa
4870	p-tati
4871	f-calpro
4872	af-prot-fr
4873	s-bil-mi
4874	s-karni-v
4875	s-fytah
4876	du-karni-v
4877	m-karni-v
4878	u-karni-v
4879	us-crp
4880	s-asca
4881	b-hlanark
4884	b-wdm-d
4885	b-ttntmdd
4886	b-chatc-d
4887	b-capn3-d
4888	b-fkrp-d
4889	b-dm2alld
4890	b-dm2mutd
4891	b-ttnfi-d
4892	b-pml-qr
4893	bm-pml-qr
4894	b-bcr-qr
4895	bm-bcr-qr
4896	-infanho
4897	-adennho
4898	p-adennho
4899	s-psa-suh
4900	p-psa-v
4901	pt-eeg-pa2
4902	pt-sep2
4903	pt-vep-p
4904	pt-refbli2
4905	pt-refbli3
4906	pt-eegmon1
4907	pt-eegmon2
4908	pt-eegamb1
4909	pt-eegamb2
4910	pt-eeg-int
4911	pt-eeg-q
4912	pt-eeg-kuv
4913	pt-eeg-toi
4914	pt-meg-1
4915	pt-meg-2
4916	pt-meg-3
4917	pt-meg-et
4918	pt-tms-et
4919	pt-psg-amb
4920	pt-st-tact
4921	pt-enmg-3
4922	pt-eneg-0
4923	pt-enmgbo1
4924	pt-iom-1
4925	pt-iom-2
4926	pt-konsn-1
4927	pt-biops-l
4928	pt-biops-h
4929	pt-biops-i
4930	pt-imposk
4931	pt-esbilpa
4932	pt-espaipa
4933	pt-passier
4934	pt-elgastg
4935	pt-isklihr
4936	-tricvi
4937	u-gcnho
4938	pt-atch-rm
4939	f-valtavi
4940	f-noronho
4941	s-ch100
4942	s-trpaab
4943	li-oreksa
4944	u-dpyr
4945	u-pyrid
4946	u-dpyr-v
4947	u-pyrid-v
4948	fb-b1-vit
4949	s-iglc-v
4950	s-iglcl-v
4951	bm-jak2-d
4952	b-jak2-d
4953	-esbljt
4954	-baktelm
4955	s-chpnab
4956	li-chpnab
4957	s-infbabg
4958	s-evirabg
4959	li-rubeabm
4960	li-toxoaba
4961	-cmvvi
4962	b-cmvvi
4963	s-pemfiab
4964	s-goodpab
4965	s-tshrab
4966	s-iglck-v
4967	pt-pco-ex
4968	pt-passier
4969	pt-oskhi
4970	pt-oskhid
4971	pt-oskhi-r
4972	p-bnp-o
4973	p-ckmbm-o
4974	p-myogl-o
4975	p-glkg
4976	s-ch100l
4977	du-iglcl-v
4978	du-iglck-v
4979	-ch50
4980	b-mxa
4981	-mrsanho
4982	-mrsact
4983	pt-ekg-48h
4984	pt-ekg-72h
4985	pt-spirojm
4986	pt-ktkrjm
4987	pt-ktkrpp
4988	pt-kpkrjm
4989	pt-kpkrpp
4990	b-clcn1-d
4991	b-vcp-d
4992	b-cpt2-d
4993	b-rapsn-d
4994	b-sgca-d
4995	b-myot-d
4996	b-zasp-d
4997	b-polg1-d
4998	b-lmna-d
4999	pt-gfre-cg
6000	pt-gfre-md
6001	p-bkvnh
6002	s-hdvnho
6003	�-hdvnho
6004	-aspeag
6005	sc-kromos
6006	pt-fvspio
6007	pt-fvspido
6008	pt-hengpai
6009	pt-hypaltr
6010	pt-hshyper
6011	pt-hsort
6012	pt-esoapa
6013	pt-k�sierg
6014	pt-farmr
6015	pt-abiras
6016	pt-ekg-24
6017	pt-ekg-48l
6018	pt-ekg-48
6019	pt-ekg-72l
6020	pt-ekg-72
6021	pt-klr-spj
6022	pp-baktvi1
6023	ed-baktvi1
6025	fp-kol-kyl
6026	fp-kolvldl
6027	fp-lipidit
6028	s-natsuab
6029	b-fkrpv-d
6030	s-jo1ab
6031	b-mthfr-d
6032	s-ca-albk
6033	b-myh7-d
6034	b-scn4a-d
6035	b-dm1alld
6036	b-dm1rpmd
6037	s-wnvab
6038	s-chikvab
6039	p-mitotan
6040	fs-insu
6041	fp-cga
6042	-hbvnho
6043	s-hbvnh
6044	li-wnvab
6045	pt-fvspirk
6046	pt-esozpa
6047	pt-klr-spl
6048	pt-lihasp2
6049	pt-lihaspl
6050	pt-nisgrip
6051	pt-iskgrip
6052	pt-ekg-24a
6053	pt-ekg-48a
6054	pt-ekg-72a
6055	pt-k�sespi
6056	pt-pulssik
6057	pt-spialpa
6058	pt-abiras
6059	am-trinho
6060	b-trinho
6061	cv-trinho
6062	-bokanho
6063	pt-gluk-pa
6064	f-cldivit
6065	pt-euhyper
6066	s-vzvavi
6067	b-hlax-o
6068	am-tag-ty
6069	am-tag-d
6070	s-rhd-ab
6071	p-fvab
6072	b-vwd2-d
6073	p-vwfcb
6075	pt-mannitp
6076	s-anplabg
6077	-aspenho
6078	p-aldos
6079	u-sb
6080	fp-b6-vit
6081	fs-b6-vit
6083	s-prlmakr
6084	b-pche
6085	p-renin
6086	b-sirolim
6087	-tati
6088	bm-eto-mr
6089	b-eto-mr
6090	p-c1inhbk
6091	p-fakb
6092	pt-vp-pleo
6093	pt-no-exo
6094	pt-po2-tch
6095	b-vrabgrs
6096	e-fenoty
6098	s-sulfabm
6099	s-aqp4ab
6100	s-magab
6101	s-muskab
6102	bm-eto-qr
6103	b-eto-qr
6104	bm-bcr-mr
6105	b-bcr-mr
6106	bm-cbfb-mr
6107	bm-cbfb-qr
6108	b-cbfb-mr
6109	b-cbfb-qr
6110	bm-e2a-qr
6111	bm-e2a-mr
6112	b-e2a-mr
6113	b-e2a-qr
6114	bm-mll-mr
6115	b-mll-mr
6116	b-mll-qr
6117	bm-mll-qr
6118	bm-pml-mr
6119	b-pml-mr
6120	bm-sil-mr
6121	bm-sil-qr
6122	b-sil-mr
6123	b-sil-qr
6124	bm-tel-mr
6125	bm-tel-qr
6126	b-tel-mr
6127	b-tel-qr
6128	b-hba1c
6130	b-ngal
6131	p-ngal
6132	u-ngal
6133	-infvnho
6134	b-hhv6nh
6135	li-hhv6nh
6136	-hhv6nh
6137	b-cd4sup
6138	s-her2n
6139	f-cldtnho
6140	pl-fishan�
6141	f-cldtnho
6142	b-borrnho
6143	li-borrnho
6144	ts-padbrea
6145	bo-pad-4
6146	br-pad-4
6147	gi-pad-4
6148	lu-pad-4
6149	ug-pad-4
6150	s-aripi
6151	s-hepsid
6152	u-hepsid
6153	-bil
6154	-ca15-3
6155	-ca19-9
6156	-gluk
6157	-cea
6158	-laktaat
6159	s-t3-vdi
6160	s-t4-vdi
6161	b-phe-o
6162	s-insurab
6163	s-itrakon
6164	b-co
6165	u-mdpv-ct
6166	b-ti
6167	s-vorikon
6168	li-igg-oc
6169	s-leveti
6170	u-oksik-o
6171	u-mdma-o
6172	u-metam-o
6173	b-tbifng
6174	b-lytbifn
6175	b-igh-d
6176	bm-igh-d
6177	ts-igh-d
6178	b-igk-d
6179	bm-igk-d
6180	ts-igk-d
6181	b-igl-d
6182	bm-igl-d
6183	ts-igl-d
6184	b-tcrg-d
6185	bm-tcrg-d
6186	ts-tcrg-d
6187	b-tcrd-d
6188	bm-tcrd-d
6189	ts-tcrd-d
6190	b-tcrb-d
6191	bm-tcrb-d
6192	ts-tcrb-d
6193	-inabnho
6194	-infbnho
6195	-mygenho
6196	-mygehe
6197	p-hiv1tro
6198	-rsvnho
6199	-pin1nho
6200	-pin2nho
6201	-pin3nho
6202	-pin4nho
6203	-hmpvnho
6204	-koronho
6205	am-rh-d
6206	b-hlaabac
6207	b-hlaallo
6208	b-fishhem
6209	bm-fishhem
6210	ts-fishhem
6211	b-fishmrd
6212	bm-fishmrd
6213	ts-fishmrd
6214	b-m-fish
6215	bm-m-fish
6216	ts-m-fish
6217	pl-fishdel
6218	am-fishdel
6219	ts-mksyn
6220	b-mksyn
6221	bm-mkhem
6222	ts-mkhem
6223	am-trimdel
6224	b-trimdel
6225	cv-trimdel
6226	ts-trimdel
6227	s-leuabco
6228	s-leuxcdc
6229	s-leuxfc
6230	s-leuabpr
6231	s-leuabi
6232	s-leuabii
6233	b-sferos
6234	s-hepfu
6235	p-dabi-ta
6236	li-lmark
6237	af-lmark
6238	e-pnhfc
6239	l-pnhfc
6240	bm-cd34-fc
6241	la-cd34-fc
6242	b-protc-d
6243	am-protc-d
6244	p-fviiire
6245	b-ghb
6246	u-trisyct
6247	b-trisy
6248	b-opiaa
6249	b-koka
6250	b-canna
6251	b-bendi
6252	b-amfet
6253	b-huum-o
6254	b-rh-fd
6255	p-laaptct
6256	p-larvvct
6257	s-hepab
6258	b-smb-fc
6259	b-vris�gr
6260	u-iglck
6261	u-iglcl
6262	s-5hiaa
6263	ts-ubiq10
6264	s-moma
6265	s-hva
6266	p-afxariv
6267	sa-melat
6268	u-melat
6269	-rubenho
6270	s-morbnho
6271	u-morbnho
6272	-morbnho
6273	-paronho
6274	ts-pad-pnb
6275	ts-pad4-hn
6276	pt-eeg-ud2
6277	pt-eeg-ud3
6278	pt-eegmon4�
6279	pt-eegmon8
6280	pt-eeg-2
6281	pt-eeg-3
6282	pt-eeg-ai
6283	pt-konsnh
6284	pt-enmgbo2
6285	pt-enmgbo3
6286	pt-enmg-ik
6287	pt-aktig-2
6288	pt-psg-2
6289	pt-erp
6290	pt-rtms
6291	pt-fvep
6292	pt-iom-3
6293	pt-konsn-3
6294	pt-chep-1
6295	pt-chep-2
6296	s-spnabnv
6297	s-spnabvt
6298	s-dgpab
6299	s-dgpabg
6300	s-dgpaba
6301	ts-padcns
6302	li-cnab
6303	s-cnab
6304	pt-nnoex
6305	pt-chep-1
6306	pt-chep-2
6307	-trvanho
6308	-trvaag
6310	s-amh
6311	s-mta
6312	-hadunho
6313	-trpanho
6314	-hepynho
6315	-mypnhe
6316	p-adennh
6317	s-hevnh
6318	p-jcvnh
6319	li-jcvnh
6320	u-jcvnh
6321	u-povnh
6322	u-bkvnh
6323	li-bkvnh
6324	-bkvnh
6325	s-parenho
6326	li-parenho
6327	-parenho
6328	li-evirnho
6329	s-jcvab
6330	nu-pbg
6331	nu-dala
6332	nu-porf
6333	mu-lakt-d
6334	p-vwf-akt
6335	b-hbf-fc
6336	fp-aldos
6338	fp-reninm
6339	p-reninm
6341	cb-tt-inr
6342	b-pnpla3
6343	b-varfa-d
6344	b-slco1b1
6345	b-cyp2d6
6346	b-cyp2c19
6347	p-afxafon
6348	p-afxaapi
6349	bm-blastit
6350	bm-mrdpfc
6351	b-mrdpfc
6352	bm-mrdfc
6353	b-mrdfc
6354	pt-gfre
6355	s-kopept
6356	p-kopept
6357	b-vasohpk
6358	sa-korsol
6359	pt-tdcs
6360	ts-egfr-d
6361	ts-braf-d
6362	p-t3-v
6363	p-cea
6364	p-ca12-5
6365	p-ca15-3
6366	p-ca19-9
6367	p-lh
6368	p-fsh
6369	fp-c-pept
6370	pt-ekg3vrk
6371	-dermnho
6372	pp-baktnh������
6373	b-nipttri���������
6374	b-niptdel�������
6375	f-paranho
6376	-tygl
6377	b-kras-fd
6378	b-egfr-fd
6379	s-adaliab
6380	s-infliab
6381	s-infli
6382	s-adali
6383	fl-strbnho
6384	p-ca-albk
6385	ps-stranho
6386	p-efa
6387	pt-meeting
6388	ts-padkolp
6389	ts-padendo
6390	se-trigly
6391	pf-probnp
6392	s-ebvnabg
6393	ly-tsc-fc
6394	ly-bsc-fc
6395	p-c-pepta
6396	s-c-pepta
6397	s-he4
6398	p-he4
6399	am-lamel
6400	b-ohbutyr
6401	p-d-25
6402	p-etoh
6403	p-hcg
6404	p-rf
6405	p-ccpab
6406	p-tpoab
6407	fp-lipoa1
6408	fp-lipob
6409	fp-lipot
6410	fs-lipot
6411	ts-rcd-fc
6412	lu-pad
6413	sk-padnerv
6414	s-myosab
6415	u-mdimda
6416	u-tma
6417	p-pbdseul��
6418	s-sterol
6419	p-cdgseul
6420	s-cdgseul
6421	p-osterol���
6422	b-asyykar
6423	p-insu
6424	li-cxcl13
6425	di-urea
6426	se-krea
6427	s-trigly
6428	s-kol
6429	p-kol
6430	s-kol-hdl
6431	p-kol-hdl
6432	s-kol-ldl
6433	p-kol-ldl
6434	s-lipidit
6435	p-lipidit
6436	s-lipoa1
6437	s-lipob
6438	s-lipoc
6439	p-lipoa1
6440	p-lipob
6441	se-urea
6442	pd-gluk
6443	u-spma
6444	-hpvnhty��
6445	-hhpvnho
6446	-hpvseul�
6447	s-fit/pgf
6448	s-sfit1
6449	s-pigf
6450	s-inhibb
6451	s-testovl
6452	s-topira
6453	-tyglab
6454	f-hhbseul
6455	f-hhb
6456	ps-strnho
6457	p-igd
6458	p-ige
6459	p-afxaedo
6460	b-at3-d
6461	s-c-pept
6462	p-pct
6463	li-crneag
6464	s-crneag
6465	pt-rinomak
6466	-cv19nho
6467	p-sterol
6468	s-hcg-tot
6469	p-hcg-tot
6470	b-huuml
6471	me-huuml-o
6472	u-huumlct
6473	b-vrharv
6474	b-vrrhjt
6475	b-vrabojt
6476	s-cv19ab
6477	s-cv19aba
6478	s-cv19abg
6479	s-cv19abm
6480	p-cv19ab
6481	p-cv19aba
6482	p-cv19abg
6483	p-cv19abm
6484	b-cv19ab
6485	b-cv19aba
6486	b-cv19abg
6487	b-cv19abm
6488	b-everoli
6489	sk-mmr-et
6490	p-plab
6492	-cv19ag
6493	p-b2gpabm
6494	p-b2gpabg
6495	p-kardabg
6496	p-kardabm
6497	p-hbcabm
6498	p-hbcab
6499	p-hcvab
6500	p-hbsag
6501	p-hcvnh
6502	p-hbvnh
6503	p-hbsab
6504	pt-eeg-h�l
6505	pt-eegamv1
6506	pt-eegamv2
6507	pt-eegpav1
6508	pt-eegpav2
6509	pt-eeg-sd1
6510	pt-eeg-sd2
6511	pt-seeg-1
6512	pt-seeg-2
6513	pt-eneg-tt
6514	pt-nmus-1
6515	pt-nmus-2
6516	pt-st-pf
6517	pt-ans-et
6518	pt-kin
6519	pt-sl
6520	pt-nyg
6521	pt-mv-et
6522	pt-perg
6523	pt-erg-mf
6524	pt-eog
6525	pt-ntms-mt
6526	pt-ntms-pu
6527	pt-tms-pp
6528	pt-tms-sai
6529	pt-tep
6530	pt-ep-et
6531	pt-rtms-2
6532	pt-rtms-3
6533	pt-rtmssup
6534	pt-rtms-tb
6535	pt-tms-pas
6536	pt-tms-eeg
6537	pt-seeg-tc
6538	pt-dbs
6539	pt-ekog
6540	pt-io-seeg
6541	pt-poamlm1
6542	pt-polamb2
6543	pt-poamlm2
6544	pt-poam-et
6545	pt-poamet2
6546	pt-pollm
6547	pt-pol2
6548	pt-pollm2
6549	pt-polet
6550	pt-polet2
6551	pt-poamrek
6552	pt-pol-int
6553	pt-psg-int
6554	pt-konsnh�
6555	pt-konsnf1
6556	pt-konsnf2
6557	pt-konsnf3
6558	pt-paphoit
6559	pt-tdcs-pa
6560	pt-vireys
6561	pt-aktiget
6562	p-kardaba
6563	p-b2gpaba
6564	pt-ekg-ryt�������������
6565	s-pmlab
6566	s-sp100ab
6567	s-gp210ab
6568	s-lc1ab
6569	s-slaab
6570	s-natalab
6571	s-sekuk
6572	s-vedolab
6573	s-vedol
6574	s-ustekab
6575	s-ustek
6576	s-tosilab
6577	s-tosil
6578	s-sertoab
6579	s-serto
6580	s-ritukab
6581	s-rituk
6582	s-golimab
6583	s-golim
6584	s-etane
6585	s-abata
6586	b-hbs
6587	p-hcvnho
6588	p-hbvnho
6589	b-leuk-vt
6590	b-hb-vt
6591	b-hba1cvt
6592	b-crp-vt
6593	b-tnt-vt
6594	b-tni-vt
6595	b-pbnp-vt
6596	b-fidd-vt
6597	b-inr-vt
6598	p-kupari
6599	s-cv19sab
6600	b-hb-ef
6601	u-fentact
6602	ts-pad-5
6603	pt-esomani
6604	pt-ipg-pa
6605	p-c1inh
6606	ts-colseul
6607	-hmpvago
6608	s-tbeabmo
6609	li-tbeabmo
6610	pt-arr
6611	-tbnhhe
6612	p-nflc
6613	-koroago
7000	s-raiheie
7001	s-karmese
7002	s-kaurspe
7003	s-koiheie
7004	s-niittyne
7005	s-nurnate
7006	s-nurpune
7007	s-ohraspe
7008	s-ruisspe
7009	s-timotee
7010	s-timoteg
7011	s-tuosime
7012	s-vehnspe
7013	s-haapae
7014	s-jalavae
7015	s-koivue
7016	s-koivug
7017	s-kuusie
7018	s-lepp�e
7019	s-m�ntye
7020	s-pajue
7021	s-p�hpene
7022	s-tammie
7023	s-heinrae
7024	s-pujoe
7025	s-p�ivke
7026	s-rapsspe
7027	s-voikuke
7028	s-aavhepe
7029	s-ankkh�e
7030	s-chinepe
7031	s-hamsepe
7032	s-hanhh�e
7033	s-hevohie
7034	s-hiirie
7035	s-kalkh�e
7036	s-kanah�e
7037	s-kaniepe
7038	s-kanrh�e
7039	s-kisshie
7040	s-koirhie
7041	s-lammepe
7042	s-lehmhie
7043	s-marsepe
7044	s-papuh�e
7045	s-parkh�e
7046	s-peiph�e
7047	s-rottae
7048	s-rottepe
7049	s-sikaepe
7050	s-unduh�e
7051	s-unduule
7052	s-ananase
7053	s-appelse
7054	s-avokade
7055	s-banaane
7056	s-gluteee
7057	s-guavae
7058	s-hasp�he
7059	s-hernee
7060	s-hirssie
7061	s-juusche
7062	s-juushoe
7063	s-kaakaoe
7064	s-katkare
7065	s-kaurae
7066	s-kiivie
7067	s-koop�he
7068	s-leihiie
7069	s-lohie
7070	s-maap�he
7071	s-maissie
7072	s-maitoe
7073	s-mangoe
7074	s-mansike
7075	s-mantele
7076	s-melonie
7077	s-munakee
7078	s-munavae
7079	s-naudlie
7080	s-ohrae
7081	s-omenae
7082	s-papaije
7083	s-paprike
7084	s-parp�h
7085	s-passhee
7086	s-persike
7087	s-perunae
7088	s-porkkae
7089	s-riisie
7090	s-ruise
7091	s-seessie
7092	s-sellere
7093	s-sikalie
7094	s-sillie
7095	s-sinsime
7096	s-soijape
7097	s-taimene
7098	s-tattare
7099	s-tomaate
7100	s-tonnike
7101	s-turskae
7102	s-vehn�e
7103	s-dfarine
7104	s-dmicroe
7105	s-dpteroe
7106	s-emaynee
7107	s-asiroe
7108	s-gdomese
7109	s-ldestre
7110	s-tputree
7111	s-acrkile
7112	s-altalte
7113	s-aspflae
7114	s-aspfume
7115	s-aspnige
7116	s-asptere
7117	s-aspverg
7118	s-aurpule
7119	s-canalbe
7120	s-claclag
7121	s-clahere
7122	s-fusmone
7123	s-mucrace
7124	s-pennote
7125	s-pensppg
7126	s-phobete
7127	s-pitorbe
7128	s-staatrg
7129	s-trivire
7130	s-ampmyre
7131	s-hyttyne
7132	s-jyvk�re
7133	s-mehmyre
7134	s-torakke
7135	s-amokse
7136	s-ampise
7137	s-gpene
7138	s-kefakle
7139	s-vpene
7140	s-mdie
7141	s-etyloe
7142	s-formale
7143	s-ftaaihe
7144	s-hdie
7145	s-klorate
7146	s-tdie
7147	s-alfamye
7148	s-lysotse
7149	s-latekse
7150	s-limovie
7151	s-pumpule
7152	s-sperme
7153	s-p�lyry
7154	s-p�lyer
7155	s-hein1ry
7156	s-hein1er
7157	s-hein3ry
7158	s-hein3er
7159	s-puu9ry
7160	s-puu9er
7161	s-el�i1ry
7162	s-el�i1er
7163	s-hh�72ry
7164	s-hh�72er
7165	s-jyr70ry
7166	s-jyr70er
7167	s-hed15ry
7168	s-hed15er
7169	s-kala2ry
7170	s-kala2er
7171	s-ruok5ry
7172	s-ruok5er
7173	s-ruo20ry
7174	s-ruo20er
7175	s-p�hk1ry
7176	s-p�hk1er
7177	s-vilj3ry
7178	s-vilj3er
7179	s-home1ry
7180	s-home1er
7181	s-home2ry
7182	s-home2er
7183	s-home4ry
7184	s-home4er
7185	s-kop�2ry
7186	s-kop�2er
7187	s-desf6ry
7188	s-desf6er
7189	s-etal4ry
7190	s-etal4er
7191	s-hih�1ry
7192	s-hih�1er
7193	s-spho3ry
7194	s-spho3er
7300	s-rbetv1e
7301	s-rbetv2e
7302	s-rbetv4e
7303	s-rbt221e
7304	s-rbetv6e
7305	s-rpg213e
7306	s-rphlp1e
7307	s-rphl5be
7308	s-rphlp7e
7309	s-rphl12e
7310	s-rpg214e
7311	s-rphlp2e
7312	s-rphlp6e
7313	s-rphl11e
7314	s-om5glie
7315	s-rtri14e
7316	s-rarah2e
7317	s-rarah1e
7318	s-rarah3e
7319	s-rarah9e
7320	s-rarah8e
7321	s-rarah6e
7322	s-rcora1e
7323	s-rcora8e
7324	s-rcora9e
7325	s-rcor14e
7326	s-ranao3e
7327	s-rjugr1e
7328	s-rjugr3e
7329	s-rbere1e
7330	s-rglym4e
7331	s-rapig1e
7332	s-rprup4e
7333	s-rprup3e
7334	s-rprup1e
7335	s-ractd8e
7336	s-rmald1e
7337	s-rmald3e
7338	s-rparj2e
7339	s-rpena1e
7340	s-rcypc1e
7341	s-rgadc1e
7342	s-rfeld1e
7343	s-rfeld4e
7344	s-rcanf1e
7345	s-rcanf2e
7346	s-rcanf5e
7347	s-requc1e
7348	s-rapim1e
7349	s-rapi10e
7350	s-rapim2e
7351	s-rapim3e
7352	s-rapim5e
7353	s-rvesv5e
7354	s-rvesv1e
7355	s-rpold5e
7356	s-ralta1e
7357	s-raspf1e
7358	s-raspf2e
7359	s-raspf3e
7360	s-raspf4e
7361	s-raspf6e
7362	s-rderp2e
7363	s-rder10e
7364	s-rder23e
7365	s-rhevb8e
7366	s-rhevb1e
7367	s-rhevb3e
7368	s-rhevb5e
7369	s-rhevb6e
7370	s-rhev11e
7400	s-nkaseie
7401	s-nanac2e
7402	s-ncynd1e
7403	s-nphlp4e
7404	s-ncupa1e
7405	s-nolee1e
7406	s-namba1e
7407	s-nartv1e
7408	s-nartv3e
7409	s-nsalk1e
7410	s-nbosd6e
7411	s-ncanf3e
7412	s-nfeld2e
7413	s-nsusse
7414	s-nderp1e
7415	s-ncarp1e
7416	s-nglym5e
7417	s-nglym6e
7900	-cv19ag0
7901	-cv19ag1
7902	-cv19ag2
7903	-cv19ag3
7904	-cv19ag4
7905	-cv19ag5
7906	-cv19ag6
